CREATE DATABASE  IF NOT EXISTS `drammenb_boardgamegroup` /*!40100 DEFAULT CHARACTER SET latin1 */;
USE `drammenb_boardgamegroup`;
-- MySQL dump 10.13  Distrib 5.6.24, for Win64 (x86_64)
--
-- Host: 127.0.0.1    Database: drammenb_boardgamegroup
-- ------------------------------------------------------
-- Server version	5.7.8-rc-log

/*!40101 SET @OLD_CHARACTER_SET_CLIENT=@@CHARACTER_SET_CLIENT */;
/*!40101 SET @OLD_CHARACTER_SET_RESULTS=@@CHARACTER_SET_RESULTS */;
/*!40101 SET @OLD_COLLATION_CONNECTION=@@COLLATION_CONNECTION */;
/*!40101 SET NAMES utf8 */;
/*!40103 SET @OLD_TIME_ZONE=@@TIME_ZONE */;
/*!40103 SET TIME_ZONE='+00:00' */;
/*!40014 SET @OLD_UNIQUE_CHECKS=@@UNIQUE_CHECKS, UNIQUE_CHECKS=0 */;
/*!40014 SET @OLD_FOREIGN_KEY_CHECKS=@@FOREIGN_KEY_CHECKS, FOREIGN_KEY_CHECKS=0 */;
/*!40101 SET @OLD_SQL_MODE=@@SQL_MODE, SQL_MODE='NO_AUTO_VALUE_ON_ZERO' */;
/*!40111 SET @OLD_SQL_NOTES=@@SQL_NOTES, SQL_NOTES=0 */;

--
-- Table structure for table `daycalendar`
--

DROP TABLE IF EXISTS `daycalendar`;
/*!40101 SET @saved_cs_client     = @@character_set_client */;
/*!40101 SET character_set_client = utf8 */;
CREATE TABLE `daycalendar` (
  `id` int(11) NOT NULL AUTO_INCREMENT,
  `dag` int(11) DEFAULT NULL,
  `userID` int(11) DEFAULT NULL,
  `status` int(11) DEFAULT NULL,
  `locationID` int(11) DEFAULT NULL,
  PRIMARY KEY (`id`)
) ENGINE=InnoDB DEFAULT CHARSET=latin1;
/*!40101 SET character_set_client = @saved_cs_client */;

--
-- Dumping data for table `daycalendar`
--

LOCK TABLES `daycalendar` WRITE;
/*!40000 ALTER TABLE `daycalendar` DISABLE KEYS */;
/*!40000 ALTER TABLE `daycalendar` ENABLE KEYS */;
UNLOCK TABLES;

--
-- Table structure for table `facebookfaillogin`
--

DROP TABLE IF EXISTS `facebookfaillogin`;
/*!40101 SET @saved_cs_client     = @@character_set_client */;
/*!40101 SET character_set_client = utf8 */;
CREATE TABLE `facebookfaillogin` (
  `id` int(11) NOT NULL AUTO_INCREMENT,
  `navn` char(255) DEFAULT NULL,
  `facebookID` char(255) DEFAULT NULL,
  PRIMARY KEY (`id`)
) ENGINE=InnoDB AUTO_INCREMENT=109 DEFAULT CHARSET=latin1;
/*!40101 SET character_set_client = @saved_cs_client */;

--
-- Dumping data for table `facebookfaillogin`
--

LOCK TABLES `facebookfaillogin` WRITE;
/*!40000 ALTER TABLE `facebookfaillogin` DISABLE KEYS */;
INSERT INTO `facebookfaillogin` VALUES (1,'Steinar Vilnes','10153084286737231'),(2,'Steinar Vilnes','10153084286737231'),(3,'Steinar Vilnes','10153084286737231'),(4,'Steinar Vilnes','10153084286737231'),(5,'Steinar Vilnes','10153084286737231'),(6,'Steinar Vilnes','10153084286737231'),(7,'Steinar Vilnes','10153084286737231'),(8,'Steinar Vilnes','10153084286737231'),(9,'Christian Kirkerud Gronli','1354886467894700'),(10,'Steinar Vilnes','10153084286737231'),(11,'Steinar Vilnes','10153084286737231'),(12,'Steinar Vilnes','10153084286737231'),(13,'Arild Sørstad','746877738803326'),(14,'Steinar Vilnes','10153084286737231'),(15,'Steinar Vilnes','10153084286737231'),(16,'Steinar Vilnes','10153084286737231'),(17,'Steinar Vilnes','10153084286737231'),(18,'Steinar Vilnes','10153084286737231'),(19,'Trond Arvid Røise','1199889620124545'),(20,'Steinar Vilnes','10153084286737231'),(21,'Torkild Johannes Balog','10158326445510374'),(22,'Steinar Vilnes','10153084286737231'),(23,'Steinar Vilnes','10153084286737231'),(24,'Steinar Vilnes','10153084286737231'),(25,'Arild Sørstad','746877738803326'),(26,'Steinar Vilnes','10153084286737231'),(27,'Arild Sørstad','746877738803326'),(28,'Steinar Vilnes','10153084286737231'),(29,'Steinar Vilnes','10153084286737231'),(30,'Steinar Vilnes','10153084286737231'),(31,'Steinar Vilnes','10153084286737231'),(32,'Steinar Vilnes','10153084286737231'),(33,'Arild Sørstad','746877738803326'),(34,'Steinar Vilnes','10153084286737231'),(35,'Steinar Vilnes','10153084286737231'),(36,'Steinar Vilnes','10153084286737231'),(37,'Steinar Vilnes','10153084286737231'),(38,'Steinar Vilnes','10153084286737231'),(39,'Steinar Vilnes','10153084286737231'),(40,'Steinar Vilnes','10153084286737231'),(41,'Steinar Vilnes','10153084286737231'),(42,'Steinar Vilnes','10153084286737231'),(43,'Steinar Vilnes','10153084286737231'),(44,'Steinar Vilnes','10153084286737231'),(45,'Steinar Vilnes','10153084286737231'),(46,'Anders Månsson','1457717177621201'),(47,'Anders Månsson','1457717177621201'),(48,'Anders Månsson','1457717177621201'),(49,'Anders Månsson','1457717177621201'),(50,'Steinar Vilnes','10153084286737231'),(51,'Steinar Vilnes','10153084286737231'),(52,'Steinar Vilnes','10153084286737231'),(53,'Steinar Vilnes','10153084286737231'),(54,'Steinar Vilnes','10153084286737231'),(55,'Steinar Vilnes','10153084286737231'),(56,'Steinar Vilnes','10153084286737231'),(57,'Steinar Vilnes','10153084286737231'),(58,'Steinar Vilnes','10153084286737231'),(59,'Karl Thomas Hjelmervik','10154550320205233'),(60,'Steinar Vilnes','10153084286737231'),(61,'Steinar Vilnes','10153084286737231'),(62,'Steinar Vilnes','10153084286737231'),(63,'Steinar Vilnes','10153084286737231'),(64,'Steinar Vilnes','10153084286737231'),(65,'Steinar Vilnes','10153084286737231'),(66,'Steinar Vilnes','10153084286737231'),(67,'Steinar Vilnes','10153084286737231'),(68,'Steinar Vilnes','10153084286737231'),(69,'Steinar Vilnes','10153084286737231'),(70,'Steinar Vilnes','10153084286737231'),(71,'Steinar Vilnes','10153084286737231'),(72,'Steinar Vilnes','10153084286737231'),(73,'Steinar Vilnes','10153084286737231'),(74,'Steinar Vilnes','10153084286737231'),(75,'Steinar Vilnes','10153084286737231'),(76,'Steinar Vilnes','10153084286737231'),(77,'Steinar Vilnes','10153084286737231'),(78,'Steinar Vilnes','10153084286737231'),(79,'Steinar Vilnes','10153084286737231'),(80,'Steinar Vilnes','10153084286737231'),(81,'Steinar Vilnes','10153084286737231'),(82,'Steinar Vilnes','10153084286737231'),(83,'Steinar Vilnes','10153084286737231'),(84,'Steinar Vilnes','10153084286737231'),(85,'Steinar Vilnes','10153084286737231'),(86,'Steinar Vilnes','10153084286737231'),(87,'Steinar Vilnes','10153084286737231'),(88,'Steinar Vilnes','10153084286737231'),(89,'Steinar Vilnes','10153084286737231'),(90,'Steinar Vilnes','10153084286737231'),(91,'Steinar Vilnes','10153084286737231'),(92,'Steinar Vilnes','10153084286737231'),(93,'Steinar Vilnes','10153084286737231'),(94,'Steinar Vilnes','10153084286737231'),(95,'Steinar Vilnes','10153084286737231'),(96,'Steinar Vilnes','10153084286737231'),(97,'Steinar Vilnes','10153084286737231'),(98,'Steinar Vilnes','10153084286737231'),(99,'Steinar Vilnes','10153084286737231'),(100,'Steinar Vilnes','10153084286737231'),(101,'Steinar Vilnes','10153084286737231'),(102,'Steinar Vilnes','10153084286737231'),(103,'Steinar Vilnes','10153084286737231'),(104,'Steinar Vilnes','10153084286737231'),(105,'Steinar Vilnes','10153084286737231'),(106,'Steinar Vilnes','10153084286737231'),(107,'Steinar Vilnes','10153084286737231'),(108,'Steinar Vilnes','10153084286737231');
/*!40000 ALTER TABLE `facebookfaillogin` ENABLE KEYS */;
UNLOCK TABLES;

--
-- Table structure for table `faction`
--

DROP TABLE IF EXISTS `faction`;
/*!40101 SET @saved_cs_client     = @@character_set_client */;
/*!40101 SET character_set_client = utf8 */;
CREATE TABLE `faction` (
  `id` int(11) NOT NULL AUTO_INCREMENT,
  `navn` char(255) DEFAULT NULL,
  `spillID` int(11) DEFAULT NULL,
  `orgID` int(11) DEFAULT NULL,
  PRIMARY KEY (`id`)
) ENGINE=InnoDB AUTO_INCREMENT=297 DEFAULT CHARSET=utf8;
/*!40101 SET character_set_client = @saved_cs_client */;

--
-- Dumping data for table `faction`
--

LOCK TABLES `faction` WRITE;
/*!40000 ALTER TABLE `faction` DISABLE KEYS */;
INSERT INTO `faction` VALUES (11,'Hacan',14,NULL),(12,'Sardakk Norr',14,NULL),(13,'Arborec',14,NULL),(14,'Saar',14,NULL),(15,'Winnu',14,NULL),(16,'Mentak',14,NULL),(17,'Naalu Collective',14,NULL),(18,'Uthuk',15,NULL),(19,'Waiqar',15,NULL),(20,'Daqan',15,NULL),(21,'Latari',15,NULL),(22,'Blå',19,NULL),(23,'Rød',19,NULL),(24,'Grønn',19,NULL),(25,'Gul',19,NULL),(26,'Tyskland',20,NULL),(27,'Sovjetunionen',20,NULL),(28,'Polen',20,NULL),(29,'Khorne',21,NULL),(30,'Nurgle',21,NULL),(31,'Tzeentch',21,NULL),(32,'Slaanesh',21,NULL),(33,'Skaven',21,NULL),(34,'Mammal',23,NULL),(35,'Reptile',23,NULL),(36,'Insect',23,NULL),(37,'Birds',23,NULL),(38,'Arachnids',23,NULL),(39,'Amphibian',23,NULL),(40,'Sol',24,NULL),(41,'Letnev',24,NULL),(42,'Hacan',24,NULL),(43,'Lazax',24,NULL),(44,'Jol-Nar',24,NULL),(45,'Roman Republic',25,NULL),(46,'Republic of Carthage',25,NULL),(47,'Prussia & Pragmatic Army',26,NULL),(48,'Austria',26,NULL),(49,'France',26,NULL),(50,'Germany',27,NULL),(51,'Soviet Union',27,NULL),(52,'Medici',28,NULL),(53,'Visconti',28,NULL),(54,'Gonzaga',28,NULL),(55,'Este',28,NULL),(56,'Orion',31,NULL),(57,'Hydra',31,NULL),(58,'Planta',31,NULL),(59,'Lyra',31,NULL),(60,'Human',31,NULL),(61,'Exiles',31,NULL),(62,'Mechanema',31,NULL),(63,'Epirus',25,NULL),(64,'Tokugawa Ieyasu',32,NULL),(65,'Ishida Mitsunari',32,NULL),(66,'Nekro Virus',14,NULL),(67,'Federation of Sol',14,NULL),(68,'Yssaril Tribes',14,NULL),(69,'USSR',34,NULL),(70,'USA',34,NULL),(71,'Republic of Rome',35,NULL),(72,'Republic of Carthage',35,NULL),(73,'Gaul',35,NULL),(74,'Greek',35,NULL),(75,'Samnite/Etruscan',35,NULL),(76,'Baratheon',36,NULL),(77,'Stark',36,NULL),(78,'Greyjoy',36,NULL),(79,'Tyrell',36,NULL),(80,'Martell',36,NULL),(81,'Lannister',36,NULL),(82,'Draco',31,NULL),(83,'Ret',37,NULL),(84,'Sempento',37,NULL),(85,'Jara',37,NULL),(86,'Garius',37,NULL),(87,'Patton',39,NULL),(88,'Montgomery',39,NULL),(89,'Bradley',39,NULL),(90,'Coalition',43,NULL),(91,'Warlords',43,NULL),(92,'Taliban',43,NULL),(93,'Government',43,NULL),(94,'University of Jol Nar',14,NULL),(95,'The Lizix Mindset',14,NULL),(96,'Ghosts of Creuss',14,NULL),(97,'Japanese',44,NULL),(98,'Arabs',44,NULL),(99,'Romans',44,NULL),(100,'Egyptians',44,NULL),(101,'Hebrew',45,NULL),(102,'Heathen',45,NULL),(103,'Embers of Muaat',14,NULL),(104,'Brotherhood of Yin',14,NULL),(105,'Scotland',47,NULL),(106,'England',47,NULL),(107,'Orks',50,NULL),(108,'Eldar',50,NULL),(109,'Chaos Space Marines',50,NULL),(110,'Ultramarine Chapter',50,NULL),(111,'Western Allies',52,NULL),(112,'Axis',52,NULL),(113,'Soviet Union',52,NULL),(114,'Macedonia',53,NULL),(115,'Illyria',53,NULL),(116,'Halfling',54,NULL),(117,'Nomad',54,NULL),(118,'Auren',54,NULL),(119,'Germany',55,NULL),(120,'Western Allies',55,NULL),(121,'Prussia',56,NULL),(122,'Russia',56,NULL),(123,'France',56,NULL),(124,'Austria',56,NULL),(125,'Red Duchy',57,NULL),(126,'Emerald Kingdom',57,NULL),(127,'Purple Matriarchy',57,NULL),(128,'Golden Barony',57,NULL),(129,'Coral Throne',57,NULL),(130,'Celestial Reign',57,NULL),(131,'USA',59,NULL),(132,'CSA',59,NULL),(133,'Patriot',63,NULL),(134,'British',63,NULL),(135,'France',63,NULL),(136,'Native',63,NULL),(137,'France',66,NULL),(138,'England',66,NULL),(139,'Holland',66,NULL),(140,'Spain',66,NULL),(141,'Portugal',66,NULL),(142,'Ottoman Empire',66,NULL),(143,'Italy',66,NULL),(144,'Wu',67,NULL),(145,'Wei',67,NULL),(146,'Shu',67,NULL),(147,'Rusviet',69,NULL),(148,'Crimea',69,NULL),(149,'Nordic',69,NULL),(150,'Polania',69,NULL),(151,'Saxony',69,NULL),(152,'Rome',70,NULL),(153,'Carthage',70,NULL),(154,'Greece',70,NULL),(155,'Egypt',70,NULL),(156,'Babylonia',70,NULL),(157,'Atlantis',70,NULL),(158,'United Kingdom',72,NULL),(159,'France',72,NULL),(160,'Germany',72,NULL),(161,'Austria',72,NULL),(162,'Russia',72,NULL),(163,'Samoa',74,NULL),(164,'Tonga',74,NULL),(165,'Raiatea',74,NULL),(166,'Hiva',74,NULL),(167,'Albion',69,NULL),(168,'Togawa',69,NULL),(169,'Pilgrim',76,NULL),(170,'Human',76,NULL),(171,'Machine',76,NULL),(172,'Trogg',76,NULL),(173,'Phoblog',83,NULL),(174,'Credicor',83,NULL),(175,'Tharsis Republic',83,NULL),(176,'Unmi',83,NULL),(177,'Interplanetary Cinematics',83,NULL),(178,'Ecoline',83,NULL),(179,'Helion',83,NULL),(180,'Inventrix',83,NULL),(181,'Teractor',83,NULL),(182,'United Nations Mars Initiative',83,NULL),(183,'Thorgate',83,NULL),(184,'Beginner Corporation',83,NULL),(185,'Mining Guild',83,NULL),(186,'Federation',85,NULL),(187,'Klingon',85,NULL),(188,'Romulan',85,NULL),(189,'Cardassian',85,NULL),(190,'Ferengi',85,NULL),(191,'Culiuremoogs',91,NULL),(192,'Storebots',91,NULL),(193,'Bulidroids',91,NULL),(194,'Saar',92,NULL),(195,'Hacan',92,NULL),(196,'Sol',92,NULL),(197,'Mentak',92,NULL),(198,'Robinson',93,NULL),(199,'McKenzie',93,NULL),(200,'Cunningham',93,NULL),(201,'Ferguson',93,NULL),(202,'Standard',0,NULL),(203,'Standard',94,NULL),(204,'UN',95,NULL),(205,'ProtoGen',95,NULL),(206,'Mars',95,NULL),(207,'OPA',95,NULL),(208,'Samnites',25,NULL),(209,'Civitates',99,NULL),(210,'Dux',99,NULL),(211,'Scotti',99,NULL),(212,'Saxon',99,NULL),(213,'Macedonia',25,NULL),(214,'Standard',100,NULL),(215,'Roman Republic',101,NULL),(216,'Aeudi',101,NULL),(217,'Arveni',101,NULL),(218,'Belgae',101,NULL),(219,'Gul',102,NULL),(220,'Brun',102,NULL),(221,'Green',102,NULL),(222,'Violett',102,NULL),(223,'Oransje',102,NULL),(224,'Green',102,NULL),(225,'Hvit',102,NULL),(226,'Blue',102,NULL),(227,'Maquis de Cat',105,NULL),(228,'Forest Alliance',105,NULL),(229,'Eyrie',105,NULL),(230,'Vagabound',105,NULL),(231,'France',106,NULL),(232,'Germany',106,NULL),(233,'Italy',106,NULL),(234,'Belgium',106,NULL),(235,'Great Britain',106,NULL),(236,'Menton',106,NULL),(237,'Piercing the Aisne Front',106,NULL),(238,'Riverland Company',105,NULL),(239,'Lizard Cult',105,NULL),(240,'US Cavalry',108,NULL),(241,'Indians',108,NULL),(242,'Lantids',110,NULL),(243,'Xenos',110,NULL),(244,'Itars',110,NULL),(245,'Bal taks',110,NULL),(246,'Byzantine Empire',111,NULL),(247,'Vandals',111,NULL),(248,'Persia',111,NULL),(249,'Targaryen',36,NULL),(250,'Arryn',36,NULL),(251,'Humans',0,NULL),(252,'Orcs',0,NULL),(253,'Humans',112,NULL),(254,'Orcs',112,NULL),(255,'Dwarves',112,NULL),(256,'Elves',112,NULL),(257,'Germany',113,NULL),(258,'Great Britain',113,NULL),(259,'France',113,NULL),(260,'Netherlands',113,NULL),(261,'Belgium',113,NULL),(262,'Becods',110,NULL),(263,'Nevlas',110,NULL),(264,'Firaks',110,NULL),(265,'Gleens',110,NULL),(266,'Raj',114,NULL),(267,'Revolutionaries',114,NULL),(268,'National Congress',114,NULL),(269,'Muslim',114,NULL),(270,'Achean League',53,NULL),(271,'Sparta',53,NULL),(272,'Undead',112,NULL),(273,'Lionkin',112,NULL),(274,'Birdfolk',112,NULL),(275,'Lizardmen',112,NULL),(276,'Goblins',112,NULL),(277,'Germany',115,NULL),(278,'Soviet Union',115,NULL),(279,'USA',116,NULL),(280,'Japan',116,NULL),(281,'Directorate',117,NULL),(282,'Government',117,NULL),(283,'26th July',117,NULL),(284,'Mafia',117,NULL),(285,'Germany',118,NULL),(286,'Soviet Union',118,NULL),(287,'Carthage',119,NULL),(288,'Celt-iberia',119,NULL),(289,'Mycenea',119,NULL),(290,'Troy',119,NULL),(291,'Egypt',119,NULL),(292,'Gaul',119,NULL),(293,'Rome',119,NULL),(294,'Mauretania',119,NULL),(295,'Native Americans',120,NULL),(296,'USA',120,NULL);
/*!40000 ALTER TABLE `faction` ENABLE KEYS */;
UNLOCK TABLES;

--
-- Table structure for table `game`
--

DROP TABLE IF EXISTS `game`;
/*!40101 SET @saved_cs_client     = @@character_set_client */;
/*!40101 SET character_set_client = utf8 */;
CREATE TABLE `game` (
  `id` int(11) NOT NULL AUTO_INCREMENT,
  `navn` char(255) DEFAULT NULL,
  `boardgamegeekID` char(255) DEFAULT NULL,
  `antall` int(11) DEFAULT NULL,
  `selskap` int(11) DEFAULT NULL,
  `orgID` int(11) DEFAULT NULL,
  PRIMARY KEY (`id`)
) ENGINE=InnoDB AUTO_INCREMENT=121 DEFAULT CHARSET=utf8;
/*!40101 SET character_set_client = @saved_cs_client */;

--
-- Dumping data for table `game`
--

LOCK TABLES `game` WRITE;
/*!40000 ALTER TABLE `game` DISABLE KEYS */;
INSERT INTO `game` VALUES (14,'Twilight Imperium','',8,2,NULL),(15,'Runewars','',4,2,NULL),(16,'Gearword','',4,2,NULL),(17,'Titan','',6,5,NULL),(18,'Lords of Waterdeep','',6,0,NULL),(19,'Britannia','',4,2,NULL),(20,'Conflict of Heroes: Storms of Steel','',4,3,NULL),(21,'Chaos in the Old World','',5,2,NULL),(22,'Nexus Ops','',4,2,NULL),(23,'Dominant Species','',6,1,NULL),(24,'Rex: Final Days of an Empire','',6,2,NULL),(25,'SPQR','',2,1,NULL),(26,'Maria','',3,6,NULL),(27,'Conflict of Heroes: Awakening the Bear','',4,3,NULL),(28,'Ventura','',4,2,NULL),(29,'Republic of Rome','',6,5,NULL),(30,'Hegemonic','',6,0,NULL),(31,'Eclipse','',9,8,NULL),(32,'Sekigahara: The Unification of Japan','',2,1,NULL),(33,'Sky Traders','',5,2,NULL),(34,'Twilight Struggle','',2,1,NULL),(35,'Sword of Rome','',5,1,NULL),(36,'Game of Thrones','',8,2,NULL),(37,'City of Remnants','',4,0,NULL),(38,'Warrior Knights','',6,2,NULL),(39,'1944: Race to the Rhine','',3,0,NULL),(40,'Olitre Mare','',4,0,NULL),(41,'Warriors & Traders','',6,0,NULL),(42,'Clash of Cultures',NULL,4,9,NULL),(43,'Distant Plain','',4,0,NULL),(44,'Civilization','',5,0,NULL),(45,'Promised Land',NULL,6,20,NULL),(46,'Kemet','',5,4,NULL),(47,'Hammer of the Scots','',2,0,NULL),(48,'Cyclades','',5,4,NULL),(49,'Merchant of Venus','',4,2,NULL),(50,'Forbidden Stars','',4,2,NULL),(51,'Fief','',6,3,NULL),(52,'Triumph and Tragedy','',3,1,NULL),(53,'Great Battles of Alexander','',2,1,NULL),(54,'Terra Mystica','',5,9,NULL),(55,'France 40','',2,1,NULL),(56,'Friedrich','',4,6,NULL),(57,'Hyperborea','',6,10,NULL),(58,'Blackbeard','',5,1,NULL),(59,'Rebel Raiders of the High Seas','',2,1,NULL),(60,'Power Grid','',6,11,NULL),(61,'Imperial 2030','',6,12,NULL),(62,'1830','',6,13,NULL),(63,'Liberty or Death','',4,1,NULL),(66,'Empires: Age of Discovery',NULL,6,14,NULL),(67,'Three Kingdoms Redux',NULL,3,15,NULL),(68,'Blood Rage',NULL,5,21,NULL),(69,'Scythe',NULL,7,22,NULL),(70,'Mare Nostrum: Empires',NULL,6,3,NULL),(71,'Archipelago',NULL,5,10,NULL),(72,'Quartermaster General 1914',NULL,5,23,NULL),(73,'The Colonists',NULL,4,13,NULL),(74,'Conquest of Paradise',NULL,4,1,NULL),(75,'Wallenstein',NULL,5,24,NULL),(76,'Cry Havoc',NULL,4,25,NULL),(77,'Trassic Terror',NULL,6,14,NULL),(78,'Mission: Red Planet',NULL,6,2,NULL),(79,'Inis',NULL,4,4,NULL),(80,'Flame Rogue',NULL,4,8,NULL),(81,'Shogun',NULL,5,24,NULL),(82,'Ra',NULL,5,26,NULL),(83,'Terraforming Mars',NULL,5,27,NULL),(84,'Lords of Xidit',NULL,5,28,NULL),(85,'Star Trek: Ascendancy',NULL,5,29,NULL),(86,'Time of Crisis','4',4,1,NULL),(87,'Francis Drake',NULL,5,14,NULL),(88,'Posthuman',NULL,4,30,NULL),(89,'The Godfather',NULL,5,21,NULL),(90,'Feast for Odin',NULL,4,9,NULL),(91,'A Handful of Stars',NULL,4,31,NULL),(92,'Twilight Imperium 4',NULL,6,2,NULL),(93,'Clans of Caledonia',NULL,4,32,NULL),(94,'March of the Ants',NULL,5,33,NULL),(95,'The Expanse',NULL,4,34,NULL),(96,'Altiplano','',5,35,NULL),(97,'Steam',NULL,6,13,NULL),(98,'Urban sprawl',NULL,4,1,NULL),(99,'Pendragon',NULL,4,1,NULL),(100,'Forged In Steel',NULL,4,36,NULL),(101,'Falling Skies',NULL,4,1,NULL),(102,'Founders of Gloomhaven',NULL,4,37,NULL),(103,'Brass: Birmingham',NULL,4,38,NULL),(104,'The Magnates',NULL,5,39,NULL),(105,'Root',NULL,6,40,NULL),(106,'La Bataille De France 1940',NULL,2,16,NULL),(107,'Viticulture',NULL,6,22,NULL),(108,'Little Big Horn',NULL,2,41,NULL),(109,'',NULL,4,9,NULL),(110,'Gaja project',NULL,4,9,NULL),(111,'Cataphract',NULL,2,1,NULL),(112,'Heroes of Land, Air And Sea',NULL,6,42,NULL),(113,'Heroes of the Blitzkrieg',NULL,2,43,NULL),(114,'Gandhi',NULL,4,1,NULL),(115,'Combat Commander',NULL,2,1,NULL),(116,'Heroes of the Pacific',NULL,2,43,NULL),(117,'Cuba Libre',NULL,4,1,NULL),(118,'Heroes of the Motherland',NULL,2,43,NULL),(119,'Ancient Civilization of the Inner Sea',NULL,6,1,NULL),(120,'Rosebud Creek',NULL,2,41,NULL);
/*!40000 ALTER TABLE `game` ENABLE KEYS */;
UNLOCK TABLES;

--
-- Temporary view structure for view `gamelist`
--

DROP TABLE IF EXISTS `gamelist`;
/*!50001 DROP VIEW IF EXISTS `gamelist`*/;
SET @saved_cs_client     = @@character_set_client;
SET character_set_client = utf8;
/*!50001 CREATE VIEW `gamelist` AS SELECT 
 1 AS `spillinger`,
 1 AS `id`,
 1 AS `navn`*/;
SET character_set_client = @saved_cs_client;

--
-- Table structure for table `gamesession`
--

DROP TABLE IF EXISTS `gamesession`;
/*!40101 SET @saved_cs_client     = @@character_set_client */;
/*!40101 SET character_set_client = utf8 */;
CREATE TABLE `gamesession` (
  `id` int(11) NOT NULL AUTO_INCREMENT,
  `spillID` int(11) DEFAULT NULL,
  `dato` date DEFAULT NULL,
  `scenarioID` int(11) DEFAULT NULL,
  `registrar` int(11) DEFAULT NULL,
  `orgID` int(11) DEFAULT NULL,
  `competitors` int(11) DEFAULT '0',
  PRIMARY KEY (`id`)
) ENGINE=InnoDB AUTO_INCREMENT=479 DEFAULT CHARSET=utf8;
/*!40101 SET character_set_client = @saved_cs_client */;

--
-- Dumping data for table `gamesession`
--

LOCK TABLES `gamesession` WRITE;
/*!40000 ALTER TABLE `gamesession` DISABLE KEYS */;
INSERT INTO `gamesession` VALUES (18,14,'2013-08-18',0,1,NULL,7),(19,15,'2013-09-01',0,1,NULL,4),(20,15,'2013-09-15',0,1,NULL,3),(21,16,'2013-09-01',0,1,NULL,4),(22,17,'2013-09-11',0,1,NULL,2),(23,17,'2013-09-24',0,1,NULL,2),(24,19,'2013-09-29',0,1,NULL,4),(25,18,'2013-09-29',0,1,NULL,6),(26,21,'2013-09-01',0,1,NULL,4),(27,22,'2013-10-03',0,1,NULL,4),(28,21,'2013-10-09',0,1,NULL,5),(30,23,'2013-10-22',0,1,NULL,3),(31,22,'2013-10-09',0,1,NULL,3),(32,20,'2013-10-23',1,1,NULL,2),(33,20,'2013-10-30',2,1,NULL,2),(34,15,'2013-11-10',0,1,NULL,4),(35,24,'2013-11-12',0,1,NULL,5),(36,22,'2013-11-26',0,1,NULL,4),(37,22,'2013-11-19',0,1,NULL,4),(38,25,'2013-11-27',3,1,NULL,2),(39,26,'2013-12-01',0,1,NULL,3),(40,27,'2013-12-03',4,1,NULL,2),(41,28,'2013-12-26',0,1,NULL,4),(42,28,'2013-12-27',0,1,NULL,4),(43,29,'2014-01-05',5,1,NULL,6),(44,30,'2014-01-07',0,1,NULL,4),(45,28,'2014-01-09',0,1,NULL,3),(46,21,'2014-01-26',0,1,NULL,5),(47,31,'2014-01-28',0,1,NULL,7),(48,25,'2014-02-05',3,1,NULL,2),(49,32,'2014-02-13',0,1,NULL,2),(50,22,'2014-02-16',0,1,NULL,4),(51,28,'2014-02-16',0,1,NULL,4),(52,28,'2014-02-16',0,1,NULL,4),(53,28,'2014-02-26',0,1,NULL,4),(54,22,'2014-03-04',0,1,NULL,3),(55,21,'2014-03-11',0,1,NULL,4),(56,14,'2014-03-16',0,1,NULL,5),(57,32,'2014-03-26',0,1,NULL,2),(58,33,'2014-03-18',0,1,NULL,4),(59,33,'2014-04-01',0,1,NULL,4),(60,34,'2014-04-01',0,1,NULL,2),(61,28,'2014-04-06',0,1,NULL,4),(62,28,'2014-04-06',0,1,NULL,4),(63,28,'2014-04-06',0,1,NULL,4),(64,32,'2014-04-06',0,1,NULL,2),(65,35,'2014-04-27',0,1,NULL,4),(66,36,'2014-04-29',0,1,NULL,5),(67,21,'2014-05-20',0,1,NULL,4),(68,21,'2014-05-08',0,1,NULL,NULL),(69,21,'2014-05-06',0,1,NULL,5),(70,35,'2014-05-11',0,1,NULL,4),(71,28,'2014-05-20',0,1,NULL,4),(72,36,'2014-05-29',0,1,NULL,6),(73,31,'2014-05-25',0,1,NULL,5),(74,37,'2014-05-30',0,1,NULL,3),(75,37,'2014-06-12',0,1,NULL,4),(76,28,'2014-06-12',0,1,NULL,3),(77,35,'2014-06-08',0,1,NULL,5),(78,28,'2014-06-19',0,1,NULL,4),(79,21,'2014-06-19',0,1,NULL,5),(80,37,'2014-06-26',0,1,NULL,3),(81,38,'2014-08-07',0,1,NULL,5),(82,39,'2014-08-05',0,1,NULL,3),(83,37,'2014-07-30',0,1,NULL,3),(84,39,'2014-08-12',0,1,NULL,3),(85,26,'2014-09-06',0,1,NULL,3),(86,22,'2014-10-07',0,1,NULL,4),(87,21,'2014-10-07',0,1,NULL,5),(88,38,'2014-10-18',0,1,NULL,5),(89,16,'2014-10-19',0,1,NULL,4),(90,40,'2014-10-30',0,1,NULL,4),(91,39,'2014-10-30',0,1,NULL,3),(92,38,'2014-11-09',0,1,NULL,5),(93,19,'2014-11-09',0,1,NULL,4),(94,41,'2014-11-13',0,1,NULL,4),(95,42,'2014-11-27',0,1,NULL,4),(96,42,'2014-11-29',0,1,NULL,4),(97,28,'2014-11-30',0,1,NULL,4),(98,39,'2014-12-04',0,1,NULL,3),(99,43,'2014-12-06',0,1,NULL,4),(100,14,'2014-12-07',0,1,NULL,4),(101,42,'2014-12-11',0,1,NULL,4),(102,44,'2015-01-04',0,1,NULL,4),(103,45,'2014-12-30',0,1,NULL,4),(104,41,'2015-01-06',0,1,NULL,4),(105,42,'2015-01-08',0,1,NULL,4),(106,35,'2015-01-18',0,1,NULL,5),(107,39,'2015-01-18',0,1,NULL,3),(108,35,'2015-02-15',0,1,NULL,5),(109,46,'2015-03-01',0,1,NULL,3),(110,16,'2015-03-01',0,1,NULL,3),(111,22,'2015-03-01',0,1,NULL,3),(112,46,'2015-03-05',0,1,NULL,4),(113,46,'2015-03-19',0,1,NULL,5),(114,46,'2015-03-21',0,1,NULL,5),(115,46,'2015-03-26',0,1,NULL,3),(116,14,'2015-04-06',0,1,NULL,5),(117,16,'2015-04-11',0,1,NULL,4),(118,46,'2015-04-11',0,1,NULL,4),(119,47,'2015-04-12',0,1,NULL,2),(120,47,'2014-04-12',0,1,NULL,2),(121,47,'2014-04-12',0,1,NULL,2),(122,47,'2015-04-14',0,1,NULL,2),(123,36,'2015-04-16',0,1,NULL,5),(124,48,'2015-04-25',0,1,NULL,4),(125,42,'2015-04-26',0,1,NULL,4),(126,35,'2015-04-30',0,1,NULL,5),(127,35,'2015-05-10',0,1,NULL,5),(128,14,'2015-05-10',0,1,NULL,4),(129,48,'2015-05-21',0,1,NULL,4),(130,49,'2015-05-29',0,1,NULL,4),(131,48,'2015-06-04',0,1,NULL,3),(132,21,'2015-06-04',0,1,NULL,4),(133,46,'2015-06-04',0,1,NULL,4),(134,22,'2015-06-14',0,1,NULL,3),(135,46,'2015-06-14',0,1,NULL,4),(136,36,'2015-06-17',0,1,NULL,6),(137,50,'2015-06-26',0,1,NULL,4),(138,37,'2015-07-02',0,1,NULL,4),(139,46,'2015-07-02',0,1,NULL,3),(140,50,'2015-07-04',0,1,NULL,4),(141,47,'2015-07-03',0,1,NULL,2),(142,50,'2015-07-05',0,1,NULL,4),(143,28,'2015-08-05',0,1,NULL,4),(144,22,'2015-08-05',0,1,NULL,4),(145,50,'2015-07-30',0,1,NULL,4),(146,51,'2015-07-24',0,1,NULL,4),(147,48,'2015-08-09',0,1,NULL,4),(148,16,'2015-08-11',0,1,NULL,4),(149,26,'2015-08-20',0,1,NULL,3),(150,50,'2015-08-23',0,1,NULL,4),(151,51,'2015-08-24',0,1,NULL,6),(152,52,'2015-08-30',0,1,NULL,3),(153,43,'2015-09-06',0,1,NULL,4),(154,53,'2015-09-06',7,1,NULL,2),(155,52,'2015-09-12',0,1,NULL,3),(156,54,'2015-09-13',0,1,NULL,3),(157,55,'2015-09-14',8,1,NULL,2),(158,48,'2015-09-19',0,1,NULL,5),(159,48,'2015-09-19',0,1,NULL,5),(160,52,'2015-09-30',0,1,NULL,3),(161,16,'2015-09-30',0,1,NULL,4),(162,22,'2015-09-30',0,1,NULL,4),(163,56,'2015-10-07',0,1,NULL,4),(164,57,'2015-10-07',0,1,NULL,5),(165,52,'2015-10-25',0,1,NULL,3),(166,21,'2015-10-25',0,1,NULL,5),(167,14,'2015-10-24',0,1,NULL,4),(168,58,'2015-11-10',0,1,NULL,3),(169,48,'2015-11-17',0,1,NULL,4),(170,48,'2015-11-17',0,1,NULL,4),(171,57,'2015-11-17',0,1,NULL,5),(172,52,'2015-12-06',0,1,NULL,3),(173,59,'2015-12-07',0,1,NULL,2),(174,57,'2016-01-04',0,1,NULL,6),(175,46,'2016-01-04',0,1,NULL,4),(176,48,'2016-01-04',0,1,NULL,4),(177,19,'2016-01-14',0,1,NULL,4),(178,60,'2016-01-14',0,1,NULL,5),(179,61,'2016-01-26',0,1,NULL,5),(180,57,'2016-01-23',0,1,NULL,4),(181,61,'2016-02-01',0,1,NULL,6),(182,57,'2016-02-07',0,1,NULL,6),(183,22,'2016-02-01',0,1,NULL,3),(184,22,'2016-02-01',0,1,NULL,3),(185,62,'2016-02-15',0,1,NULL,4),(186,62,'2016-02-29',0,1,NULL,5),(187,63,'2016-02-29',0,1,NULL,4),(188,62,'2016-04-19',0,1,NULL,6),(189,50,'2016-04-19',0,1,NULL,4),(190,48,'2016-04-28',0,1,NULL,3),(191,48,'2016-04-30',0,1,NULL,4),(203,19,'2016-06-10',0,1,NULL,4),(204,67,'2016-06-15',0,1,NULL,3),(205,66,'2016-06-08',0,1,NULL,6),(206,48,'2016-04-08',0,1,NULL,4),(207,46,'2016-05-30',0,1,NULL,4),(208,46,'2016-05-30',0,1,NULL,5),(209,28,'2016-05-23',0,1,NULL,4),(210,28,'2016-05-23',0,1,NULL,4),(211,28,'2016-05-23',0,1,NULL,4),(212,35,'2016-05-20',0,1,NULL,5),(213,19,'2016-06-24',0,1,NULL,4),(214,68,'2016-08-03',0,1,NULL,3),(215,68,'2016-08-07',0,1,NULL,3),(216,28,'2016-08-07',0,1,NULL,4),(217,57,'2016-08-07',0,1,NULL,4),(218,57,'2016-08-11',0,1,NULL,3),(219,68,'2016-08-17',0,1,NULL,3),(220,68,'2016-08-25',0,1,NULL,3),(221,69,'2016-09-01',0,1,NULL,4),(222,69,'2016-09-03',0,1,NULL,5),(223,69,'2016-09-04',0,1,NULL,5),(224,69,'2016-09-22',0,1,NULL,4),(225,68,'2016-10-02',0,1,NULL,3),(226,57,'2016-10-02',0,1,NULL,3),(227,69,'2016-10-03',0,1,NULL,5),(228,69,'2016-10-10',0,1,NULL,4),(229,69,'2016-10-15',0,1,NULL,3),(230,69,'2016-10-17',0,1,NULL,5),(239,69,'2016-10-23',0,1,NULL,4),(240,69,'2016-10-23',0,1,NULL,4),(241,69,'2016-10-27',0,1,NULL,4),(242,70,'2016-10-27',0,1,NULL,4),(243,71,'2016-10-31',0,1,NULL,3),(244,71,'2016-11-03',0,1,NULL,3),(245,52,'2016-11-10',0,1,NULL,3),(246,70,'2016-11-13',0,1,NULL,4),(247,70,'2016-11-13',0,1,NULL,4),(248,57,'2016-11-14',0,1,NULL,4),(249,71,'2016-11-15',0,1,NULL,4),(250,71,'2016-11-21',0,1,NULL,4),(251,70,'2016-11-24',0,1,NULL,4),(252,70,'2016-11-24',0,1,NULL,4),(253,72,'2016-11-27',0,1,NULL,4),(254,69,'2016-11-27',0,1,NULL,4),(255,70,'2016-12-01',0,1,NULL,3),(256,70,'2016-12-01',0,1,NULL,3),(257,70,'2016-12-03',0,1,NULL,5),(258,70,'2016-12-03',0,1,NULL,5),(259,73,'2016-12-08',0,1,NULL,4),(260,74,'2016-12-19',0,1,NULL,4),(261,69,'2016-12-21',0,1,NULL,5),(263,75,'2016-12-29',0,1,NULL,5),(264,69,'2017-01-02',0,1,NULL,5),(265,69,'2017-01-02',0,1,NULL,5),(266,76,'2017-01-07',0,1,NULL,3),(267,75,'2017-01-12',0,1,NULL,5),(268,76,'2017-01-16',0,1,NULL,4),(269,69,'2017-01-19',0,1,NULL,5),(270,70,'2017-01-19',0,1,NULL,5),(271,69,'2017-01-22',0,1,NULL,5),(272,69,'2017-01-22',0,1,NULL,5),(273,76,'2017-01-22',0,1,NULL,3),(274,76,'2017-01-23',0,1,NULL,3),(275,77,'2017-01-30',0,1,NULL,4),(276,69,'2017-02-02',0,1,NULL,5),(277,76,'2017-02-05',0,1,NULL,4),(278,50,'2017-02-05',0,1,NULL,4),(279,78,'2017-02-06',0,1,NULL,6),(280,79,'2017-02-09',0,1,NULL,3),(281,79,'2017-02-09',0,1,NULL,3),(282,79,'2017-02-09',0,1,NULL,4),(283,79,'2017-02-16',0,1,NULL,4),(284,69,'2017-02-23',0,1,NULL,4),(285,79,'2017-02-23',0,1,NULL,4),(286,79,'2017-02-23',0,1,NULL,4),(287,69,'2017-02-27',0,1,NULL,6),(288,57,'2017-02-27',0,1,NULL,6),(289,71,'2017-03-06',0,1,NULL,4),(290,77,'2017-03-06',0,1,NULL,4),(291,50,'2017-03-09',0,15,NULL,3),(292,76,'2017-03-13',0,1,NULL,4),(293,78,'2017-03-13',0,1,NULL,4),(294,76,'2017-03-16',0,1,NULL,3),(295,76,'2017-03-16',0,1,NULL,3),(296,66,'2017-03-18',0,1,NULL,6),(297,78,'2017-03-18',0,1,NULL,6),(298,76,'2017-03-27',0,1,NULL,4),(299,69,'2017-04-03',0,1,NULL,5),(300,69,'2017-04-06',0,1,NULL,4),(301,69,'2017-04-06',0,1,NULL,5),(302,80,'2017-04-11',0,1,NULL,4),(303,46,'2017-04-24',0,1,NULL,4),(304,80,'2017-04-24',0,1,NULL,4),(305,42,'2017-04-29',0,1,NULL,4),(306,69,'2017-05-04',0,1,NULL,6),(307,81,'2017-05-08',0,1,NULL,4),(308,82,'2017-05-11',0,1,NULL,5),(309,48,'2017-05-11',0,1,NULL,5),(310,67,'2017-05-21',NULL,1,NULL,3),(311,69,'2017-05-14',NULL,1,NULL,6),(312,69,'2017-05-24',NULL,1,NULL,6),(313,83,'2017-05-22',NULL,1,NULL,5),(314,67,'2017-05-25',NULL,1,NULL,3),(315,67,'2017-05-29',NULL,1,NULL,3),(316,48,'2017-06-01',NULL,1,NULL,3),(317,69,'2017-06-01',NULL,1,NULL,5),(318,84,'2017-06-05',NULL,1,NULL,5),(319,83,'2017-06-05',NULL,1,NULL,5),(320,78,'2017-06-05',NULL,1,NULL,6),(321,57,'2017-06-08',NULL,1,NULL,6),(322,79,'2017-06-12',NULL,1,NULL,4),(323,69,'2017-06-15',NULL,1,NULL,3),(324,57,'2017-06-22',NULL,1,NULL,4),(325,83,'2017-06-18',NULL,1,NULL,4),(326,68,'2017-06-18',NULL,1,NULL,4),(327,50,'2017-06-25',NULL,1,NULL,4),(328,70,'2017-06-29',NULL,1,NULL,4),(329,46,'2017-06-29',NULL,1,NULL,4),(330,83,'2017-07-13',NULL,1,NULL,4),(331,83,'2017-07-17',NULL,1,NULL,4),(332,76,'2017-07-22',NULL,1,NULL,4),(333,21,'2017-07-26',NULL,1,NULL,2),(334,85,'2017-07-27',NULL,1,NULL,3),(335,86,'2017-08-02',NULL,1,NULL,4),(336,85,'2017-08-10',NULL,1,NULL,3),(337,46,'2017-08-27',NULL,1,NULL,5),(338,71,'2017-08-31',NULL,1,NULL,4),(340,85,'2017-09-03',NULL,1,NULL,3),(341,83,'2017-09-04',NULL,1,NULL,5),(342,86,'2017-09-07',NULL,1,NULL,4),(343,49,'2017-09-14',NULL,1,NULL,4),(344,87,'2017-09-18',NULL,1,NULL,4),(345,88,'2017-09-21',NULL,1,NULL,4),(346,87,'2017-09-27',NULL,1,NULL,4),(347,85,'2017-10-01',NULL,1,NULL,4),(348,49,'2017-10-05',NULL,1,NULL,4),(349,89,'2017-10-09',NULL,1,NULL,5),(350,85,'2017-10-15',NULL,1,NULL,4),(351,39,'2017-10-26',NULL,1,NULL,3),(352,90,'2017-11-02',NULL,1,NULL,3),(353,91,'2017-11-19',NULL,1,NULL,3),(354,93,'2017-12-07',NULL,1,NULL,4),(355,94,'2017-12-01',NULL,1,NULL,4),(356,94,'2017-12-02',NULL,1,NULL,3),(357,92,'2017-11-23',NULL,1,NULL,4),(358,94,'2017-12-11',NULL,1,NULL,5),(359,94,'2017-12-21',NULL,1,NULL,4),(360,94,'2018-01-04',NULL,1,NULL,3),(361,22,'2018-01-11',NULL,1,NULL,3),(362,95,'2018-02-08',NULL,1,NULL,4),(363,85,'2018-02-18',NULL,1,NULL,4),(364,76,'2018-02-22',NULL,1,NULL,3),(365,96,'2018-03-08',NULL,1,NULL,4),(366,69,'2018-03-29',NULL,1,NULL,6),(367,97,'2018-03-31',NULL,1,NULL,5),(368,25,'2018-04-11',9,1,NULL,2),(369,98,'2018-04-26',NULL,1,NULL,4),(370,98,'2018-04-23',NULL,1,NULL,4),(371,99,'2018-04-30',NULL,1,NULL,4),(372,99,'2018-05-10',NULL,1,NULL,4),(373,99,'2018-05-21',NULL,1,NULL,4),(374,25,'2018-05-22',9,1,NULL,2),(375,25,'2018-06-06',9,1,NULL,2),(376,98,'2018-06-07',NULL,1,NULL,4),(377,98,'2018-06-17',NULL,1,NULL,4),(378,86,'2018-06-17',NULL,1,NULL,4),(379,25,'2018-06-19',10,1,NULL,2),(380,86,'2018-06-21',NULL,1,NULL,4),(381,35,'2018-07-08',NULL,1,NULL,5),(382,100,'2018-07-12',NULL,1,NULL,4),(383,100,'2018-08-02',NULL,1,NULL,3),(384,48,'2018-08-16',NULL,1,NULL,5),(385,101,'2018-08-12',NULL,1,NULL,4),(386,69,'2018-09-30',NULL,1,NULL,4),(387,102,'2018-10-15',NULL,1,NULL,4),(388,103,'2018-10-04',NULL,1,NULL,4),(389,76,'2018-11-01',NULL,1,NULL,3),(390,76,'2018-11-08',NULL,1,NULL,3),(391,22,'2018-11-15',NULL,1,NULL,3),(392,102,'2018-11-19',NULL,1,NULL,4),(393,50,'2018-11-25',NULL,1,NULL,4),(394,102,'2018-11-26',NULL,1,NULL,4),(395,102,'2018-12-03',NULL,1,NULL,4),(396,103,'2018-12-10',NULL,1,NULL,4),(397,86,'2018-12-30',NULL,1,NULL,4),(398,102,'2019-01-07',NULL,1,NULL,4),(399,104,'2019-01-14',NULL,1,NULL,4),(400,104,'2019-01-17',NULL,1,NULL,4),(401,103,'2019-01-21',NULL,1,NULL,3),(402,105,'2019-01-24',NULL,1,NULL,4),(403,106,'2019-01-24',11,1,NULL,2),(404,106,'2018-12-19',12,1,NULL,2),(405,106,'2018-11-28',13,1,NULL,2),(406,106,'2018-11-07',14,1,NULL,2),(407,103,'2019-01-28',NULL,1,NULL,3),(408,103,'2019-01-31',NULL,1,NULL,4),(409,103,'2019-02-04',NULL,1,NULL,4),(410,103,'2019-02-07',NULL,1,NULL,4),(411,105,'2019-02-11',NULL,1,NULL,4),(412,105,'2019-02-14',NULL,1,NULL,4),(413,105,'2019-02-16',NULL,1,NULL,4),(414,105,'2019-02-16',NULL,1,NULL,4),(415,105,'2019-02-21',NULL,1,NULL,4),(416,105,'2019-02-21',NULL,1,NULL,4),(417,105,'2019-02-25',NULL,1,NULL,4),(418,105,'2019-03-04',NULL,1,NULL,5),(419,105,'2019-03-07',NULL,1,NULL,4),(420,107,'2019-03-11',NULL,1,NULL,6),(421,103,'2019-03-14',NULL,1,NULL,3),(422,105,'2019-03-18',NULL,1,NULL,4),(423,105,'2019-03-18',NULL,1,NULL,4),(424,108,'2019-03-20',15,1,NULL,2),(425,105,'2019-03-21',NULL,1,NULL,5),(426,103,'2019-03-25',NULL,1,NULL,4),(427,103,'2019-03-28',NULL,1,NULL,3),(428,103,'2019-04-01',NULL,1,NULL,4),(429,110,'2019-04-25',NULL,1,NULL,4),(430,86,'2019-04-28',NULL,1,NULL,4),(431,105,'2019-05-02',NULL,1,NULL,4),(432,111,'2019-05-05',NULL,1,NULL,2),(433,103,'2019-05-09',NULL,1,NULL,4),(434,105,'2019-05-23',NULL,1,NULL,5),(435,86,'2019-05-26',NULL,1,NULL,4),(436,111,'2019-05-30',NULL,1,NULL,2),(437,36,'2019-06-10',NULL,1,NULL,7),(438,112,'2019-06-13',NULL,1,NULL,4),(439,113,'2019-06-18',18,1,NULL,2),(440,110,'2019-06-20',NULL,1,NULL,3),(441,113,'2019-06-24',19,1,NULL,2),(442,110,'2019-06-27',NULL,1,NULL,3),(443,74,'2019-06-30',NULL,1,NULL,4),(444,86,'2019-06-30',NULL,1,NULL,4),(445,114,'2019-07-07',NULL,1,NULL,4),(446,113,'2019-07-15',19,1,NULL,2),(447,53,'2019-07-24',20,1,NULL,2),(448,113,'2019-07-31',19,1,NULL,2),(449,113,'2019-07-31',19,1,NULL,2),(450,53,'2019-08-04',20,1,NULL,2),(451,53,'2019-08-04',20,1,NULL,2),(452,74,'2019-08-14',NULL,1,NULL,4),(453,74,'2019-08-14',NULL,1,NULL,3),(454,112,'2019-08-15',NULL,1,NULL,6),(455,113,'2019-08-20',21,1,NULL,2),(456,105,'2019-08-22',NULL,1,NULL,5),(457,112,'2019-08-29',NULL,1,NULL,4),(458,53,'2019-09-02',20,1,NULL,2),(459,113,'2019-09-03',22,1,NULL,2),(460,105,'2019-09-05',NULL,1,NULL,4),(461,115,'2019-09-08',NULL,1,NULL,2),(462,53,'2019-09-16',20,1,NULL,2),(463,105,'2019-09-23',NULL,1,NULL,4),(464,116,'2019-09-25',24,1,NULL,2),(465,103,'2019-09-26',NULL,1,NULL,4),(466,116,'2019-10-02',NULL,1,NULL,2),(467,112,'2019-10-04',NULL,1,NULL,4),(468,112,'2019-10-10',NULL,1,NULL,3),(469,117,'2019-10-27',NULL,1,NULL,4),(470,118,'2019-11-03',26,1,NULL,2),(471,53,'2019-11-11',NULL,1,NULL,2),(472,103,'2020-01-02',NULL,1,NULL,4),(473,119,'2020-01-09',NULL,1,NULL,3),(474,118,'2020-01-14',28,1,NULL,2),(475,119,'2020-01-23',NULL,1,NULL,4),(476,119,'2020-01-26',NULL,1,NULL,3),(477,119,'2020-02-23',NULL,1,NULL,6),(478,120,'2020-03-01',NULL,1,NULL,2);
/*!40000 ALTER TABLE `gamesession` ENABLE KEYS */;
UNLOCK TABLES;

--
-- Table structure for table `location`
--

DROP TABLE IF EXISTS `location`;
/*!40101 SET @saved_cs_client     = @@character_set_client */;
/*!40101 SET character_set_client = utf8 */;
CREATE TABLE `location` (
  `id` int(11) NOT NULL AUTO_INCREMENT,
  `navn` char(255) DEFAULT NULL,
  PRIMARY KEY (`id`)
) ENGINE=InnoDB DEFAULT CHARSET=latin1;
/*!40101 SET character_set_client = @saved_cs_client */;

--
-- Dumping data for table `location`
--

LOCK TABLES `location` WRITE;
/*!40000 ALTER TABLE `location` DISABLE KEYS */;
/*!40000 ALTER TABLE `location` ENABLE KEYS */;
UNLOCK TABLES;

--
-- Table structure for table `monthcalendar`
--

DROP TABLE IF EXISTS `monthcalendar`;
/*!40101 SET @saved_cs_client     = @@character_set_client */;
/*!40101 SET character_set_client = utf8 */;
CREATE TABLE `monthcalendar` (
  `id` int(11) NOT NULL AUTO_INCREMENT,
  `fra` datetime DEFAULT NULL,
  `til` datetime DEFAULT NULL,
  `userID` int(11) DEFAULT NULL,
  `status` int(11) DEFAULT NULL,
  PRIMARY KEY (`id`)
) ENGINE=InnoDB DEFAULT CHARSET=latin1;
/*!40101 SET character_set_client = @saved_cs_client */;

--
-- Dumping data for table `monthcalendar`
--

LOCK TABLES `monthcalendar` WRITE;
/*!40000 ALTER TABLE `monthcalendar` DISABLE KEYS */;
/*!40000 ALTER TABLE `monthcalendar` ENABLE KEYS */;
UNLOCK TABLES;

--
-- Table structure for table `participation`
--

DROP TABLE IF EXISTS `participation`;
/*!40101 SET @saved_cs_client     = @@character_set_client */;
/*!40101 SET character_set_client = utf8 */;
CREATE TABLE `participation` (
  `id` int(11) NOT NULL AUTO_INCREMENT,
  `spillerID` int(11) DEFAULT NULL,
  `fraksjonID` int(11) DEFAULT NULL,
  `sesjonID` int(11) DEFAULT NULL,
  `poeng` float DEFAULT NULL,
  `posisjon` int(11) DEFAULT NULL,
  `competitors` int(11) DEFAULT '0',
  PRIMARY KEY (`id`)
) ENGINE=InnoDB AUTO_INCREMENT=1714 DEFAULT CHARSET=utf8;
/*!40101 SET character_set_client = @saved_cs_client */;

--
-- Dumping data for table `participation`
--

LOCK TABLES `participation` WRITE;
/*!40000 ALTER TABLE `participation` DISABLE KEYS */;
INSERT INTO `participation` VALUES (1,15,11,18,7,1,0),(2,19,13,18,6,2,0),(3,16,14,18,5,4,0),(4,14,12,18,6,2,0),(5,1,15,18,3,5,0),(6,18,17,18,1,7,0),(7,17,16,18,2,6,0),(8,14,21,19,10,1,0),(9,19,19,19,3,3,0),(10,17,18,19,5,2,0),(11,1,20,19,0,4,0),(12,1,18,20,2,3,0),(13,15,20,20,4,2,0),(14,14,19,20,7,1,0),(15,1,0,21,0,3,0),(16,15,0,21,0,3,0),(17,19,0,21,2,2,0),(18,14,0,21,3,1,0),(19,1,0,22,36,1,0),(20,15,0,22,0,2,0),(21,15,0,23,647,1,0),(22,1,0,23,248,2,0),(23,1,22,24,228,1,0),(24,14,23,24,204,3,0),(25,15,24,24,204,3,0),(26,18,25,24,165,4,0),(27,1,0,25,100,1,0),(28,20,0,25,99,2,0),(29,14,0,25,90,3,0),(30,19,0,25,85,4,0),(31,15,0,25,56,5,0),(32,18,0,25,43,6,0),(33,1,32,26,50,1,0),(34,18,30,26,31,2,0),(35,15,31,26,28,3,0),(36,21,29,26,21,4,0),(37,1,0,27,14,1,0),(38,22,0,27,3,4,0),(39,23,0,27,8,2,0),(40,24,0,27,8,2,0),(41,1,32,28,49,2,0),(42,21,31,28,45,4,0),(43,26,30,28,40,5,0),(44,15,29,28,58,1,0),(45,25,33,28,46,3,0),(46,15,34,30,207,1,0),(47,29,35,30,206,2,0),(48,1,38,30,206,3,0),(49,1,0,31,13,1,0),(50,27,0,31,10,2,0),(51,28,0,31,6,3,0),(52,1,27,32,3,2,0),(53,15,26,32,3,2,0),(54,1,27,33,14,1,0),(55,15,26,33,3,2,0),(56,14,20,34,8,1,0),(57,1,21,34,3,2,0),(58,18,19,34,0,4,0),(59,15,18,34,0,4,0),(60,14,40,35,0,1,0),(61,21,44,35,1,1,0),(62,15,42,35,1,1,0),(63,1,41,35,0,5,0),(64,23,43,35,0,5,0),(65,27,0,36,12,1,0),(66,23,0,36,10,2,0),(67,1,0,36,5,3,0),(68,30,0,36,4,4,0),(69,15,0,37,13,1,0),(70,23,0,37,9,2,0),(71,1,0,37,5,3,0),(72,24,0,37,2,4,0),(73,15,46,38,201,1,0),(74,1,45,38,165,2,0),(75,23,49,39,10,1,0),(76,1,48,39,8,2,0),(77,15,47,39,10,3,0),(78,15,50,40,13,1,0),(79,1,51,40,0,2,0),(80,1,52,41,32,1,0),(81,15,53,41,20,3,0),(82,23,0,41,20,3,0),(83,28,55,41,15,4,0),(84,23,55,42,18,1,0),(85,15,53,42,13,2,0),(86,1,52,42,5,3,0),(87,28,54,42,4,4,0),(88,1,0,43,34,1,0),(89,21,0,43,28,2,0),(90,31,0,43,17,3,0),(91,15,0,43,11,4,0),(92,29,0,43,7,5,0),(93,23,0,43,6,6,0),(94,15,0,44,64,1,0),(95,14,0,44,62,2,0),(96,1,0,44,52,3,0),(97,18,0,44,40,4,0),(98,1,55,45,14,1,0),(99,21,53,45,12,2,0),(100,23,54,45,7,3,0),(101,1,30,46,57,1,0),(102,23,31,46,35,2,0),(103,28,29,46,32,3,0),(104,27,33,46,32,4,0),(105,15,32,46,28,5,0),(106,19,58,47,50,1,0),(107,1,56,47,49,2,0),(108,20,60,47,43,3,0),(109,23,62,47,32,4,0),(110,17,61,47,23,5,0),(111,15,57,47,12,6,0),(112,21,59,47,10,7,0),(113,15,63,48,275,1,0),(114,1,45,48,86,2,0),(115,1,65,49,0,1,0),(116,23,64,49,0,2,0),(117,1,0,50,12,1,0),(118,27,0,50,6,2,0),(119,15,0,50,4,4,0),(120,28,0,50,4,4,0),(121,1,55,51,10,1,0),(122,27,52,51,2,2,0),(123,28,54,51,1,3,0),(124,15,53,51,0,4,0),(125,15,53,52,30,1,0),(126,1,55,52,7,2,0),(127,27,52,52,5,4,0),(128,28,54,52,5,4,0),(129,1,54,53,30,1,0),(130,14,55,53,26,2,0),(131,15,53,53,20,3,0),(132,23,52,53,14,4,0),(133,15,0,54,12,1,0),(134,21,0,54,6,2,0),(135,1,0,54,1,3,0),(136,14,30,55,52,1,0),(137,23,32,55,49,2,0),(138,1,31,55,47,3,0),(139,15,29,55,31,4,0),(140,14,66,56,9,1,0),(141,1,67,56,5,2,0),(142,15,12,56,4,3,0),(143,32,13,56,0,5,0),(144,18,68,56,0,5,0),(145,15,65,57,0,1,0),(146,1,64,57,0,2,0),(147,15,0,58,50,1,0),(148,23,0,58,42,2,0),(149,1,0,58,37,3,0),(150,14,0,58,0,4,0),(151,1,0,59,50,1,0),(152,14,0,59,39,2,0),(153,17,0,59,33,3,0),(154,27,0,59,29,4,0),(155,26,69,60,0,1,0),(156,15,70,60,0,2,0),(157,1,55,61,30,1,0),(158,29,52,61,12,2,0),(159,31,54,61,10,3,0),(160,33,53,61,9,4,0),(161,1,55,62,13,1,0),(162,31,54,62,11,2,0),(163,33,53,62,9,3,0),(164,29,52,62,5,4,0),(165,31,54,63,24,1,0),(166,33,53,63,21,2,0),(167,1,55,63,18,3,0),(168,29,52,63,8,4,0),(169,1,65,64,0,1,0),(170,15,64,64,0,2,0),(171,14,74,65,12,1,0),(172,1,73,65,10,2,0),(173,21,75,65,8,3,0),(174,15,71,65,3,4,0),(175,31,76,66,7,1,0),(176,1,77,66,4,2,0),(177,14,81,66,3,3,0),(178,29,78,66,3,4,0),(179,15,79,66,2,5,0),(180,23,29,67,30,1,0),(181,1,31,67,59,2,0),(182,29,32,67,40,3,0),(183,19,30,67,32,4,0),(184,1,33,69,65,1,0),(185,21,32,69,45,2,0),(186,23,31,69,43,3,0),(187,34,30,69,36,4,0),(188,35,29,69,36,5,0),(189,14,75,70,13,1,0),(190,21,74,70,10,2,0),(191,15,73,70,8,3,0),(192,1,71,70,0,4,0),(193,1,55,71,18,1,0),(194,23,52,71,26,2,0),(195,29,54,71,16,3,0),(196,19,53,71,7,4,0),(197,36,77,72,5,1,0),(198,29,78,72,4,2,0),(199,23,80,72,4,3,0),(200,15,79,72,3,4,0),(201,1,76,72,2,5,0),(202,21,81,72,2,6,0),(203,14,61,73,52,1,0),(204,21,82,73,47,2,0),(205,1,56,73,36,3,0),(206,35,60,73,33,4,0),(207,15,62,73,22,5,0),(208,14,85,74,105,1,0),(209,1,83,74,93,2,0),(210,15,84,74,44,3,0),(211,19,84,75,77,1,0),(212,1,83,75,71,2,0),(213,15,85,75,34,3,0),(214,14,86,75,0,4,0),(215,19,55,76,26,1,0),(216,1,54,76,14,2,0),(217,14,52,76,12,3,0),(218,15,75,77,10,1,0),(219,1,74,77,6,2,0),(220,21,72,77,5,3,0),(221,14,71,77,5,4,0),(222,29,73,77,0,5,0),(223,1,54,78,18,1,0),(224,23,52,78,17,2,0),(225,15,55,78,6,3,0),(226,29,53,78,3,4,0),(227,37,29,79,41,1,0),(228,29,33,79,52,2,0),(229,1,30,79,46,3,0),(230,15,31,79,38,4,0),(231,23,32,79,25,5,0),(232,14,84,80,103,1,0),(233,1,85,80,87,2,0),(234,15,83,80,65,3,0),(235,1,0,81,12,1,0),(236,63,0,81,10,2,0),(237,29,0,81,8,4,0),(238,17,0,81,8,4,0),(239,35,0,81,7,5,0),(240,14,87,82,2,1,0),(241,1,88,82,6,2,0),(242,15,89,82,5,3,0),(243,14,85,83,122,1,0),(244,23,83,83,90,2,0),(245,1,84,83,45,3,0),(246,17,89,84,5,1,0),(247,1,87,84,7,2,0),(248,63,88,84,4,3,0),(249,1,49,85,8,1,0),(250,23,48,85,7,2,0),(251,21,47,85,7,3,0),(252,23,0,86,12,1,0),(253,1,0,86,10,2,0),(254,27,0,86,4,3,0),(255,29,0,86,3,4,0),(256,1,31,87,56,1,0),(257,23,30,87,52,2,0),(258,27,33,87,36,3,0),(259,21,32,87,34,4,0),(260,29,29,87,23,5,0),(261,31,0,88,15,1,0),(262,29,0,88,11,2,0),(263,1,0,88,10,3,0),(264,21,0,88,8,4,0),(265,33,0,88,5,5,0),(266,32,0,89,3,1,0),(267,1,0,89,2,2,0),(268,23,0,89,0,4,0),(269,15,0,89,0,4,0),(270,1,0,90,50,1,0),(271,16,0,90,43,2,0),(272,15,0,90,41,3,0),(273,17,0,90,39,4,0),(274,1,89,91,7,1,0),(275,15,87,91,6,2,0),(276,29,88,91,5,3,0),(277,15,0,92,19,1,0),(278,29,0,92,14,2,0),(279,1,0,92,10,4,0),(280,33,0,92,10,4,0),(281,31,0,92,8,5,0),(282,14,24,93,270,1,0),(283,64,22,93,260,2,0),(284,15,25,93,219,3,0),(285,1,23,93,148,4,0),(286,21,0,94,38,1,0),(287,1,0,94,32,2,0),(288,15,0,94,31,3,0),(289,29,0,94,26,4,0),(290,14,0,95,33,1,0),(291,35,0,95,29,2,0),(292,1,0,95,25,3,0),(293,15,0,95,21,4,0),(294,21,0,96,31,1,0),(295,1,0,96,19,3,0),(296,29,0,96,19,3,0),(297,15,0,96,14,4,0),(298,29,55,97,12,1,0),(299,31,52,97,17,2,0),(300,1,54,97,16,3,0),(301,15,53,97,4,4,0),(302,1,87,98,0,1,0),(303,32,89,98,0,2,0),(304,15,88,98,0,3,0),(305,1,91,99,92,1,0),(306,31,90,99,87,2,0),(307,29,92,99,70,3,0),(308,15,93,99,20,4,0),(309,14,96,100,10,1,0),(310,1,94,100,4,2,0),(311,15,17,100,3,3,0),(312,18,95,100,2,4,0),(313,14,0,101,39,1,0),(314,19,0,101,36,2,0),(315,1,0,101,30,3,0),(316,15,0,101,24,4,0),(317,14,99,102,0,1,0),(318,1,98,102,0,4,0),(319,15,97,102,0,4,0),(320,36,100,102,0,4,0),(321,64,102,103,69,1,0),(322,65,101,103,67,2,0),(323,66,102,103,64,3,0),(324,1,101,103,53,4,0),(325,23,0,104,50,1,0),(326,1,0,104,47,2,0),(327,29,0,104,28,3,0),(328,67,0,104,26,4,0),(329,1,0,105,23,1,0),(330,14,0,105,22,2,0),(331,21,0,105,18,3,0),(332,15,0,105,8,4,0),(333,1,72,106,12,1,0),(334,28,75,106,11,2,0),(335,21,73,106,4,3,0),(336,27,71,106,4,4,0),(337,15,74,106,0,5,0),(338,15,87,107,8,1,0),(339,1,89,107,9,2,0),(340,14,88,107,3,3,0),(341,14,71,108,11,1,0),(342,1,73,108,8,2,0),(343,15,74,108,7,3,0),(344,29,75,108,5,4,0),(345,31,72,108,3,5,0),(346,15,0,109,8,1,0),(347,1,0,109,6,3,0),(348,32,0,109,6,3,0),(349,15,0,110,3,1,0),(350,1,0,110,1,3,0),(351,32,0,110,1,3,0),(352,15,0,111,14,1,0),(353,1,0,111,7,2,0),(354,32,0,111,6,3,0),(355,32,0,112,9,1,0),(356,14,0,112,9,2,0),(357,1,0,112,8,3,0),(358,15,0,112,4,4,0),(359,21,0,113,8,1,0),(360,14,0,113,8,2,0),(361,1,0,113,8,3,0),(362,68,0,113,5,4,0),(363,15,0,113,5,5,0),(364,1,0,114,8,1,0),(365,15,0,114,7,2,0),(366,28,0,114,7,3,0),(367,66,0,114,7,4,0),(368,27,0,114,4,5,0),(369,1,0,115,8,1,0),(370,15,0,115,8,2,0),(371,20,0,115,4,3,0),(372,14,95,116,9,1,0),(373,32,104,116,3,3,0),(374,15,103,116,3,3,0),(375,21,68,116,2,4,0),(376,1,12,116,1,5,0),(377,35,0,117,3,1,0),(378,19,0,117,3,1,0),(379,1,0,117,2,3,0),(380,15,0,117,1,4,0),(381,32,0,118,8,1,0),(382,19,0,118,7,2,0),(383,1,0,118,6,3,0),(384,35,0,118,1,4,0),(385,1,105,119,12,1,0),(386,15,106,119,2,2,0),(387,15,106,120,13,1,0),(388,1,105,120,0,2,0),(389,15,106,121,13,1,0),(390,1,105,121,0,2,0),(391,1,105,122,13,1,0),(392,27,106,122,0,2,0),(393,14,79,123,6,1,0),(394,21,77,123,6,2,0),(395,63,78,123,4,3,0),(396,23,76,123,3,4,0),(397,1,81,123,2,5,0),(398,20,0,124,2,1,0),(399,1,0,124,1,2,0),(400,15,0,124,1,3,0),(401,28,0,124,0,4,0),(402,1,0,125,54,1,0),(403,15,0,125,46,2,0),(404,24,0,125,27,3,0),(405,32,0,125,17,4,0),(406,1,74,126,9,1,0),(407,35,71,126,8,2,0),(408,23,73,126,7,3,0),(409,14,75,126,6,4,0),(410,27,72,126,5,5,0),(411,14,71,127,11,1,0),(412,15,73,127,7,2,0),(413,1,72,127,5,3,0),(414,27,74,127,3,4,0),(415,21,75,127,2,5,0),(416,1,16,128,4,2,0),(417,27,12,128,4,2,0),(418,15,11,128,1,4,0),(419,14,103,128,1,4,0),(420,21,0,129,2,1,0),(421,1,0,129,1,3,0),(422,15,0,129,1,3,0),(423,27,0,129,0,4,0),(424,17,0,130,1340,1,0),(425,15,0,130,1140,2,0),(426,26,0,130,1110,3,0),(427,1,0,130,940,4,0),(428,21,0,131,2,1,0),(429,69,0,131,0,3,0),(430,35,0,131,0,3,0),(431,35,32,132,28,1,0),(432,1,30,132,49,2,0),(433,29,31,132,20,3,0),(434,67,29,132,15,4,0),(435,1,0,133,9,1,0),(436,16,0,133,7,2,0),(437,29,0,133,3,3,0),(438,70,0,133,2,4,0),(439,1,0,134,13,1,0),(440,15,0,134,8,2,0),(441,31,0,134,5,3,0),(442,1,0,135,8,1,0),(443,33,0,135,8,2,0),(444,15,0,135,6,3,0),(445,31,0,135,6,4,0),(446,31,78,136,7,1,0),(447,1,80,136,5,2,0),(448,19,79,136,3,3,0),(449,71,76,136,3,4,0),(450,15,81,136,2,5,0),(451,36,77,136,0,6,0),(452,15,107,137,2,1,0),(453,14,108,137,1,4,0),(454,1,109,137,1,4,0),(455,19,110,137,1,4,0),(456,35,83,138,70,1,0),(457,72,85,138,63,2,0),(458,1,86,138,57,3,0),(459,32,84,138,52,4,0),(460,1,0,139,8,1,0),(461,35,0,139,4,2,0),(462,32,0,139,3,3,0),(463,19,108,140,4,1,0),(464,1,107,140,3,2,0),(465,14,110,140,2,3,0),(466,15,109,140,0,4,0),(467,23,105,141,9,1,0),(468,1,106,141,4,2,0),(469,1,108,142,4,1,0),(470,14,107,142,3,2,0),(471,15,110,142,2,4,0),(472,72,109,142,2,4,0),(473,69,52,143,30,1,0),(474,1,54,143,29,2,0),(475,29,55,143,15,3,0),(476,73,53,143,8,4,0),(477,69,0,144,13,1,0),(478,1,0,144,4,2,0),(479,29,0,144,3,3,0),(480,73,0,144,2,4,0),(481,14,109,145,3,1,0),(482,1,110,145,2,3,0),(483,15,107,145,2,3,0),(484,28,108,145,1,4,0),(485,14,0,146,5,1,0),(486,1,0,146,5,1,0),(487,15,0,146,3,4,0),(488,68,0,146,3,4,0),(489,21,0,147,2,1,0),(490,1,0,147,0,4,0),(491,15,0,147,0,4,0),(492,35,0,147,0,4,0),(493,15,0,148,3,1,0),(494,1,0,148,1,3,0),(495,21,0,148,1,3,0),(496,35,0,148,0,4,0),(497,23,49,149,3,1,0),(498,1,47,149,7,2,0),(499,21,48,149,8,3,0),(500,69,107,150,1,4,0),(501,14,108,150,4,1,0),(502,1,109,150,2,2,0),(503,15,110,150,1,4,0),(504,14,0,151,3,1,0),(505,69,0,151,3,2,0),(506,73,0,151,3,2,0),(507,67,0,151,1,3,0),(508,15,0,151,0,6,0),(509,1,0,151,0,6,0),(510,1,111,152,27,1,0),(511,15,113,152,24,2,0),(512,29,112,152,4,3,0),(513,21,91,153,96,1,0),(514,1,92,153,90,3,0),(515,29,90,153,90,3,0),(516,31,93,153,80,4,0),(517,1,115,154,0,1,0),(518,15,114,154,0,2,0),(519,1,113,155,25,1,0),(520,29,111,155,18,2,0),(521,15,112,155,16,3,0),(522,1,116,156,106,1,0),(523,15,117,156,98,2,0),(524,20,118,156,93,3,0),(525,1,119,157,11,2,0),(526,73,120,157,15,1,0),(527,1,0,158,1,3,0),(528,15,0,158,1,3,0),(529,21,0,158,2,1,0),(530,28,0,158,0,5,0),(531,27,0,158,0,5,0),(532,1,0,159,1,5,0),(533,15,0,159,1,5,0),(534,21,0,159,2,1,0),(535,28,0,159,1,5,0),(536,27,0,159,1,5,0),(537,1,112,160,11,3,0),(538,15,111,160,21,1,0),(539,21,113,160,13,2,0),(540,64,0,161,4,1,0),(541,1,0,161,2,2,0),(542,15,0,161,1,3,0),(543,66,0,161,0,4,0),(544,1,0,162,8,2,0),(545,15,0,162,13,1,0),(546,64,0,162,4,3,0),(547,66,0,162,2,4,0),(548,29,122,163,0,1,0),(549,1,124,163,0,4,0),(550,19,121,163,0,4,0),(551,73,123,163,0,4,0),(552,1,125,164,45,1,0),(553,15,126,164,40,3,0),(554,69,130,164,34,5,0),(555,28,127,164,42,2,0),(556,27,128,164,36,4,0),(557,14,113,165,25,1,0),(558,21,112,165,24,2,0),(559,1,111,165,17,3,0),(560,64,33,166,32,5,0),(561,15,32,166,44,4,0),(562,69,29,166,47,3,0),(563,1,31,166,48,2,0),(564,35,30,166,54,1,0),(565,1,94,167,2,3,0),(566,14,11,167,6,1,0),(567,15,12,167,1,4,0),(568,74,66,167,2,3,0),(569,15,0,168,75,1,0),(570,1,0,168,55,2,0),(571,73,0,168,54,3,0),(572,21,0,169,2,2,0),(573,29,0,169,2,1,0),(574,1,0,169,0,4,0),(575,75,0,169,0,4,0),(576,21,0,170,2,1,0),(577,29,0,170,1,2,0),(578,1,0,170,0,4,0),(579,75,0,170,0,4,0),(580,14,128,171,43,2,0),(581,29,125,171,45,1,0),(582,1,127,171,32,5,0),(583,64,130,171,37,3,0),(584,35,126,171,35,4,0),(585,1,113,172,23,1,0),(586,31,112,172,15,3,0),(587,29,111,172,18,2,0),(588,15,132,173,50,1,0),(589,1,131,173,0,2,0),(590,1,126,174,35,5,0),(591,21,125,174,38,4,0),(592,67,127,174,27,6,0),(593,14,129,174,40,3,0),(594,76,128,174,54,1,0),(595,15,130,174,42,2,0),(596,32,0,175,8,1,0),(597,1,0,175,6,2,0),(598,15,0,175,5,4,0),(599,21,0,175,5,4,0),(600,21,0,176,2,1,0),(601,1,0,176,0,4,0),(602,15,0,176,0,4,0),(603,32,0,176,0,4,0),(604,26,22,177,283,1,0),(605,15,23,177,193,2,0),(606,73,24,177,152,4,0),(607,1,25,177,175,3,0),(608,32,0,178,15,1,0),(609,1,0,178,12,4,0),(610,15,0,178,12,5,0),(611,20,0,178,12,2,0),(612,77,0,178,12,3,0),(613,1,0,179,101,2,0),(614,15,0,179,113,1,0),(615,73,0,179,83,5,0),(616,69,0,179,90,4,0),(617,64,0,179,100,3,0),(618,1,129,180,41,4,0),(619,15,130,180,42,3,0),(620,21,127,180,42,3,0),(621,76,126,180,46,1,0),(622,1,0,181,87,1,0),(623,15,0,181,53,4,0),(624,14,0,181,80,2,0),(625,21,0,181,68,3,0),(626,29,0,181,40,5,0),(627,28,0,181,17,6,0),(628,29,130,182,41,3,0),(629,28,129,182,34,6,0),(630,14,126,182,56,1,0),(631,21,125,182,40,4,0),(632,15,128,182,50,2,0),(633,1,130,182,37,5,0),(634,15,0,183,13,1,0),(635,1,0,183,7,3,0),(636,76,0,183,7,3,0),(637,15,0,184,13,1,0),(638,1,0,184,7,2,0),(639,76,0,184,6,3,0),(640,1,0,185,3575,3,0),(641,15,0,185,4601,1,0),(642,21,0,185,3863,2,0),(643,28,0,185,1875,4,0),(644,1,0,186,2099,5,0),(645,15,0,186,3233,1,0),(646,21,0,186,2304,3,0),(647,29,0,186,2146,4,0),(648,73,0,186,2926,2,0),(649,1,133,187,10,2,0),(650,69,135,187,11,1,0),(651,29,134,187,-11,4,0),(652,31,136,187,-9,3,0),(653,26,0,188,6500,1,0),(654,32,0,188,6031,2,0),(655,15,0,188,3602,5,0),(656,64,0,188,4461,4,0),(657,29,0,188,5867,3,0),(658,1,0,188,3450,6,0),(659,14,107,189,4,1,0),(660,15,109,189,3,2,0),(661,1,108,189,0,4,0),(662,21,110,189,1,3,0),(663,1,0,190,0,3,0),(664,15,0,190,0,3,0),(665,21,0,190,2,1,0),(666,1,0,191,2,1,0),(667,21,0,191,0,4,0),(668,73,0,191,0,4,0),(669,78,0,191,0,4,0),(674,26,25,203,268,1,0),(675,64,24,203,228,2,0),(676,15,22,203,175,3,0),(677,1,23,203,150,4,0),(678,1,146,204,31,1,0),(679,76,144,204,28,2,0),(680,73,145,204,27,3,0),(681,14,141,205,88,1,0),(682,73,137,205,73,2,0),(683,1,139,205,68,3,0),(684,15,138,205,55,4,0),(685,32,143,205,49,5,0),(686,27,140,205,47,6,0),(687,15,NULL,206,2,1,0),(688,1,NULL,206,0,4,0),(689,21,NULL,206,0,4,0),(690,32,NULL,206,0,4,0),(691,21,NULL,207,8,1,0),(692,1,NULL,207,6,3,0),(693,32,NULL,207,6,3,0),(694,15,NULL,207,2,4,0),(695,1,NULL,208,8,1,0),(696,32,NULL,208,6,2,0),(697,21,NULL,208,5,3,0),(698,29,NULL,208,2,5,0),(699,15,NULL,208,2,5,0),(700,15,54,209,30,1,0),(701,29,55,209,28,2,0),(702,73,53,209,18,3,0),(703,1,52,209,11,4,0),(704,15,54,210,16,1,0),(705,1,52,210,15,2,0),(706,73,53,210,7,3,0),(707,29,55,210,3,4,0),(708,32,54,211,11,1,0),(709,15,55,211,14,2,0),(710,1,52,211,8,3,0),(711,21,53,211,3,4,0),(712,32,72,212,12,1,0),(713,27,71,212,10,2,0),(714,15,73,212,9,3,0),(715,1,74,212,0,5,0),(716,21,75,212,0,5,0),(717,1,24,213,233,1,0),(718,15,25,213,221,2,0),(719,26,23,213,211,3,0),(720,29,22,213,192,4,0),(721,1,NULL,214,109,2,0),(722,15,NULL,214,109,2,0),(723,27,NULL,214,106,3,0),(724,1,NULL,215,148,1,0),(725,15,NULL,215,107,2,0),(726,68,NULL,215,74,3,0),(727,29,54,216,30,1,0),(728,1,52,216,16,2,0),(729,15,55,216,15,3,0),(730,68,53,216,7,4,0),(731,1,129,217,55,1,0),(732,15,127,217,44,3,0),(733,68,126,217,44,3,0),(734,29,128,217,31,4,0),(735,15,128,218,81,1,0),(736,24,126,218,62,3,0),(737,1,130,218,62,3,0),(738,15,NULL,219,127,1,0),(739,24,NULL,219,122,2,0),(740,1,NULL,219,112,3,0),(741,1,NULL,220,92,1,0),(742,19,NULL,220,56,2,0),(743,15,NULL,220,10,3,0),(744,1,150,221,84,1,0),(745,79,147,221,63,2,0),(746,32,151,221,62,3,0),(747,15,148,221,45,4,0),(748,14,151,222,61,1,0),(749,1,148,222,42,2,0),(750,19,149,222,33,3,0),(751,15,147,222,29,4,0),(752,29,150,222,17,5,0),(753,14,147,223,79,1,0),(754,15,150,223,72,2,0),(755,1,149,223,44,3,0),(756,19,151,223,32,4,0),(757,29,148,223,28,5,0),(758,15,148,224,84,1,0),(759,32,150,224,72,2,0),(760,1,149,224,64,3,0),(761,76,147,224,29,4,0),(762,32,NULL,225,136,1,0),(763,1,NULL,225,122,2,0),(764,15,NULL,225,110,3,0),(765,15,130,226,53,1,0),(766,1,127,226,52,2,0),(767,32,126,226,29,3,0),(768,1,149,227,85,1,0),(769,81,150,227,60,2,0),(770,83,148,227,47,3,0),(771,80,147,227,37,4,0),(772,82,151,227,34,5,0),(773,83,151,228,71,1,0),(774,1,147,228,68,2,0),(775,81,150,228,64,3,0),(776,82,149,228,31,4,0),(777,83,147,229,114,1,0),(778,1,150,229,74,2,0),(779,80,148,229,31,3,0),(780,14,149,230,87,1,0),(781,1,151,230,86,2,0),(782,15,147,230,81,3,0),(783,21,150,230,39,4,0),(784,73,148,230,35,5,0),(796,15,149,239,60,1,0),(797,1,147,239,54,2,0),(798,29,151,239,30,3,0),(799,79,150,239,24,4,0),(800,29,151,240,45,1,0),(801,1,149,240,38,2,0),(802,79,147,240,36,3,0),(803,15,150,240,21,4,0),(804,1,148,241,82,1,0),(805,19,150,241,80,2,0),(806,76,151,241,55,3,0),(807,73,149,241,44,4,0),(808,1,155,242,0,1,0),(809,19,152,242,0,4,0),(810,76,153,242,0,4,0),(811,73,154,242,0,4,0),(812,1,NULL,243,0,3,0),(813,83,NULL,243,0,3,0),(814,84,NULL,243,0,3,0),(815,15,NULL,244,12,1,0),(816,1,NULL,244,12,2,0),(817,73,NULL,244,6,3,0),(818,29,112,245,21,1,0),(819,1,113,245,20,2,0),(820,15,111,245,6,3,0),(821,21,155,246,0,1,0),(822,31,153,246,0,4,0),(823,1,152,246,0,4,0),(824,29,154,246,0,4,0),(825,21,153,247,0,4,0),(826,1,154,247,0,4,0),(827,31,152,247,0,1,0),(828,29,155,247,0,4,0),(829,82,126,248,61,1,0),(830,83,128,248,58,2,0),(831,1,130,248,56,3,0),(832,80,129,248,26,4,0),(833,79,NULL,249,11,1,0),(834,1,NULL,249,10,2,0),(835,32,NULL,249,9,3,0),(836,85,NULL,249,6,4,0),(837,81,NULL,250,12,1,0),(838,83,NULL,250,8,2,0),(839,1,NULL,250,7,3,0),(840,82,NULL,250,5,4,0),(841,1,153,251,0,4,0),(842,15,154,251,0,4,0),(843,32,152,251,0,1,0),(844,69,155,251,0,4,0),(845,69,153,252,0,1,0),(846,1,152,252,0,4,0),(847,32,154,252,0,4,0),(848,15,155,252,0,4,0),(849,1,162,253,47,1,0),(850,26,158,253,47,1,0),(851,15,160,253,30,4,0),(852,21,159,253,47,1,0),(853,15,151,254,83,1,0),(854,1,150,254,63,2,0),(855,26,148,254,37,3,0),(856,21,147,254,24,4,0),(857,1,152,255,0,1,0),(858,15,154,255,0,3,0),(859,73,153,255,0,3,0),(860,1,153,256,0,3,0),(861,73,154,256,0,1,0),(862,15,152,256,0,3,0),(863,21,155,257,0,1,0),(864,29,153,257,0,5,0),(865,1,156,257,0,5,0),(866,27,152,257,0,5,0),(867,28,154,257,0,5,0),(868,1,155,258,0,5,0),(869,27,153,258,0,5,0),(870,28,156,258,0,1,0),(871,21,152,258,0,5,0),(872,29,154,258,0,5,0),(873,26,NULL,259,107,1,0),(874,79,NULL,259,104,2,0),(875,1,NULL,259,97,3,0),(876,15,NULL,259,68,4,0),(877,1,164,260,22,1,0),(878,27,163,260,18,2,0),(879,15,166,260,16,3,0),(880,32,165,260,13,4,0),(882,1,149,261,91,1,0),(884,14,148,261,87,2,0),(886,19,150,261,59,3,0),(888,63,147,261,35,5,0),(890,86,151,261,44,4,0),(891,63,NULL,263,36,1,0),(892,15,NULL,263,35,2,0),(893,1,NULL,263,28,4,0),(894,31,NULL,263,28,4,0),(895,19,NULL,263,27,5,0),(896,84,147,264,102,1,0),(897,83,168,264,66,2,0),(898,1,150,264,45,3,0),(899,82,151,264,44,4,0),(900,87,167,264,23,5,0),(901,1,167,265,50,1,0),(902,84,151,265,49,2,0),(903,82,150,265,40,3,0),(904,83,149,265,31,5,0),(905,87,147,265,31,5,0),(906,27,170,266,135,1,0),(907,1,171,266,129,2,0),(908,28,169,266,17,3,0),(909,32,NULL,267,43,1,0),(910,73,NULL,267,40,2,0),(911,76,NULL,267,36,3,0),(912,1,NULL,267,29,4,0),(913,15,NULL,267,28,5,0),(914,1,169,268,71,1,0),(915,84,171,268,68,2,0),(916,88,170,268,64,3,0),(917,89,172,268,50,4,0),(918,19,167,269,88,1,0),(919,1,151,269,73,2,0),(920,32,168,269,71,3,0),(921,15,147,269,70,4,0),(922,86,150,269,32,5,0),(923,1,153,270,0,5,0),(924,15,154,270,0,5,0),(925,32,152,270,0,5,0),(926,86,156,270,0,5,0),(927,19,155,270,0,1,0),(928,14,147,271,94,1,0),(929,15,149,271,84,2,0),(930,1,148,271,64,3,0),(931,21,150,271,26,4,0),(932,27,168,271,18,5,0),(933,14,168,272,133,1,0),(934,1,167,272,57,2,0),(935,15,151,272,49,3,0),(936,21,149,272,38,4,0),(937,27,147,272,37,5,0),(938,1,170,273,101,1,0),(939,29,171,273,51,2,0),(940,15,169,273,34,3,0),(941,82,169,274,61,1,0),(942,1,171,274,45,2,0),(943,87,171,274,38,3,0),(944,87,NULL,275,150,1,0),(945,1,NULL,275,93,2,0),(946,82,NULL,275,84,3,0),(947,90,NULL,275,73,4,0),(948,91,167,276,97,1,0),(949,27,148,276,65,2,0),(950,15,147,276,64,3,0),(951,1,151,276,49,4,0),(952,19,168,276,44,5,0),(953,1,172,277,75,1,0),(954,15,170,277,64,3,0),(955,24,171,277,64,3,0),(956,27,169,277,40,4,0),(957,32,108,278,3,2,0),(958,72,110,278,3,3,0),(959,1,107,278,3,1,0),(960,15,109,278,2,4,0),(961,81,NULL,279,58,1,0),(962,83,NULL,279,31,2,0),(963,92,NULL,279,30,3,0),(964,90,NULL,279,22,4,0),(965,1,NULL,279,20,5,0),(966,82,NULL,279,13,6,0),(967,1,NULL,280,0,3,0),(968,32,NULL,280,0,1,0),(969,15,NULL,280,0,3,0),(970,1,NULL,281,0,3,0),(971,15,NULL,281,0,3,0),(972,32,NULL,281,0,1,0),(973,1,NULL,282,0,4,0),(974,15,NULL,282,0,4,0),(975,32,NULL,282,0,4,0),(976,93,NULL,282,0,1,0),(977,1,NULL,283,0,2,0),(978,15,NULL,283,0,2,0),(979,27,NULL,283,0,4,0),(980,73,NULL,283,0,4,0),(981,15,151,284,94,1,0),(982,1,147,284,85,2,0),(983,32,167,284,76,3,0),(984,27,168,284,54,4,0),(985,32,NULL,285,0,1,0),(986,1,NULL,285,0,4,0),(987,15,NULL,285,0,4,0),(988,27,NULL,285,0,4,0),(989,32,NULL,286,0,4,0),(990,1,NULL,286,0,4,0),(991,15,NULL,286,0,4,0),(992,27,NULL,286,0,1,0),(993,1,168,287,86,1,0),(994,81,149,287,66,2,0),(995,87,147,287,48,3,0),(996,83,148,287,44,5,0),(997,82,150,287,44,5,0),(998,92,151,287,21,6,0),(999,83,129,288,53,1,0),(1000,92,130,288,46,2,0),(1001,82,126,288,44,3,0),(1002,1,125,288,39,4,0),(1003,87,128,288,35,5,0),(1004,81,127,288,33,6,0),(1005,87,NULL,289,0,1,0),(1006,1,NULL,289,0,4,0),(1007,81,NULL,289,0,4,0),(1008,83,NULL,289,0,4,0),(1009,81,NULL,290,84,1,0),(1010,83,NULL,290,78,2,0),(1011,1,NULL,290,77,3,0),(1012,87,NULL,290,74,4,0),(1013,15,110,291,2,1,0),(1014,27,107,291,2,2,0),(1015,32,108,291,1,3,0),(1016,1,169,292,94,1,0),(1017,81,172,292,93,2,0),(1018,95,170,292,42,3,0),(1019,96,171,292,30,4,0),(1020,82,NULL,293,46,1,0),(1021,83,NULL,293,38,2,0),(1022,87,NULL,293,36,3,0),(1023,92,NULL,293,33,4,0),(1024,15,171,294,74,1,0),(1025,1,170,294,51,2,0),(1026,27,169,294,35,3,0),(1027,27,170,295,35,1,0),(1028,1,171,295,34,2,0),(1029,15,169,295,29,3,0),(1030,21,140,296,90,1,0),(1031,14,141,296,83,2,0),(1032,32,143,296,68,3,0),(1033,75,139,296,63,4,0),(1034,82,138,296,58,5,0),(1035,1,137,296,53,6,0),(1036,14,NULL,297,53,1,0),(1037,82,NULL,297,39,2,0),(1038,75,NULL,297,27,3,0),(1039,32,NULL,297,20,5,0),(1040,1,NULL,297,20,5,0),(1041,21,NULL,297,13,6,0),(1042,83,170,298,49,1,0),(1043,1,172,298,42,2,0),(1044,82,171,298,36,4,0),(1045,92,169,298,36,4,0),(1046,19,148,299,67,1,0),(1047,1,147,299,49,3,0),(1048,83,168,299,49,3,0),(1049,92,167,299,34,4,0),(1050,90,149,299,29,5,0),(1051,15,147,300,91,1,0),(1052,1,167,300,73,2,0),(1053,19,151,300,52,3,0),(1054,73,149,300,33,4,0),(1055,1,150,301,54,1,0),(1056,19,167,301,52,2,0),(1057,15,168,301,42,4,0),(1058,73,149,301,42,4,0),(1059,68,151,301,19,5,0),(1060,87,NULL,302,0,1,0),(1061,83,NULL,302,0,2,0),(1062,1,NULL,302,0,3,0),(1063,84,NULL,302,0,4,0),(1064,1,NULL,303,9,1,0),(1065,92,NULL,303,7,3,0),(1066,97,NULL,303,7,3,0),(1067,87,NULL,303,2,4,0),(1068,97,NULL,304,0,1,0),(1069,92,NULL,304,0,2,0),(1070,87,NULL,304,0,3,0),(1071,1,NULL,304,0,4,0),(1072,84,NULL,305,54,1,0),(1073,1,NULL,305,40,2,0),(1074,82,NULL,305,39,3,0),(1075,98,NULL,305,33,4,0),(1076,15,167,306,95,1,0),(1077,19,151,306,54,2,0),(1078,73,150,306,45,3,0),(1079,1,168,306,44,4,0),(1080,27,147,306,37,5,0),(1081,86,149,306,28,6,0),(1082,99,NULL,307,46,1,0),(1083,1,NULL,307,45,2,0),(1084,82,NULL,307,27,3,0),(1085,92,NULL,307,22,4,0),(1086,75,NULL,308,54,1,0),(1087,76,NULL,308,36,2,0),(1088,15,NULL,308,34,3,0),(1089,1,NULL,308,31,4,0),(1090,27,NULL,308,30,5,0),(1091,27,NULL,309,2,1,0),(1092,1,NULL,309,1,3,0),(1093,75,NULL,309,1,3,0),(1094,76,NULL,309,0,5,0),(1095,15,NULL,309,0,5,0),(1096,1,146,310,36,1,0),(1097,64,144,310,35,2,0),(1098,100,145,310,30,3,0),(1099,1,147,311,97,1,0),(1100,100,149,311,60,2,0),(1101,64,148,311,39,4,0),(1102,101,151,311,39,4,0),(1103,102,150,311,38,5,0),(1104,80,168,311,25,6,0),(1105,1,149,312,105,1,0),(1106,103,150,312,67,2,0),(1107,102,167,312,55,3,0),(1108,100,168,312,54,4,0),(1109,104,151,312,30,5,0),(1110,80,148,312,25,6,0),(1111,84,173,313,59,1,0),(1112,87,177,313,52,2,0),(1113,81,174,313,50,3,0),(1114,1,176,313,47,4,0),(1115,97,175,313,43,5,0),(1116,1,145,314,20,2,0),(1117,15,144,314,26,1,0),(1118,75,146,314,19,3,0),(1119,84,146,315,39,1,0),(1120,1,144,315,32,2,0),(1121,82,145,315,25,3,0),(1122,21,NULL,316,2,1,0),(1123,27,NULL,316,2,2,0),(1124,32,NULL,316,0,3,0),(1125,19,147,317,78,1,0),(1126,15,149,317,75,2,0),(1127,1,151,317,52,3,0),(1128,105,148,317,41,4,0),(1129,106,168,317,26,5,0),(1130,81,NULL,318,0,1,0),(1131,87,NULL,318,0,2,0),(1132,1,NULL,318,0,3,0),(1133,97,NULL,318,0,4,0),(1134,100,NULL,318,0,5,0),(1135,97,179,319,68,1,0),(1136,87,180,319,67,2,0),(1137,81,178,319,63,3,0),(1138,1,174,319,46,4,0),(1139,100,181,319,0,5,0),(1140,100,NULL,320,32,1,0),(1141,82,NULL,320,31,3,0),(1142,87,NULL,320,31,3,0),(1143,1,NULL,320,27,4,0),(1144,81,NULL,320,26,5,0),(1145,97,NULL,320,18,6,0),(1146,1,129,321,62,1,0),(1147,19,125,321,55,2,0),(1148,15,127,321,48,3,0),(1149,17,126,321,47,4,0),(1150,106,128,321,40,5,0),(1151,73,130,321,36,6,0),(1152,1,NULL,322,0,1,0),(1153,87,NULL,322,0,4,0),(1154,97,NULL,322,0,4,0),(1155,82,NULL,322,0,4,0),(1156,1,168,323,111,1,0),(1157,69,149,323,48,2,0),(1158,27,150,323,43,3,0),(1159,15,129,324,67,1,0),(1160,32,128,324,61,2,0),(1161,1,126,324,60,3,0),(1162,106,127,324,40,4,0),(1163,83,176,325,86,1,0),(1164,81,183,325,63,2,0),(1165,1,181,325,51,4,0),(1166,97,177,325,51,4,0),(1167,97,NULL,326,152,1,0),(1168,83,NULL,326,150,2,0),(1169,1,NULL,326,127,3,0),(1170,81,NULL,326,119,4,0),(1171,14,108,327,4,1,0),(1172,15,109,327,3,2,0),(1173,1,110,327,2,4,0),(1174,32,107,327,2,4,0),(1175,15,155,328,0,1,0),(1176,1,154,328,0,4,0),(1177,27,153,328,0,4,0),(1178,32,152,328,0,4,0),(1179,1,NULL,329,8,1,0),(1180,32,NULL,329,6,2,0),(1181,27,NULL,329,5,3,0),(1182,15,NULL,329,4,4,0),(1183,32,178,330,74,1,0),(1184,1,175,330,73,2,0),(1185,27,184,330,62,3,0),(1186,15,185,330,47,4,0),(1187,81,178,331,75,2,0),(1188,83,175,331,75,2,0),(1189,1,176,331,65,3,0),(1190,87,180,331,54,4,0),(1191,15,171,332,80,1,0),(1192,1,169,332,66,2,0),(1193,28,170,332,55,3,0),(1194,27,172,332,45,4,0),(1195,19,29,333,0,2,0),(1196,105,30,333,0,2,0),(1197,1,187,334,4,1,0),(1198,64,186,334,3,2,0),(1199,15,188,334,2,3,0),(1200,91,NULL,335,26,1,0),(1201,1,NULL,335,20,2,0),(1202,15,NULL,335,19,3,0),(1203,27,NULL,335,18,4,0),(1204,1,188,336,5,1,0),(1205,15,186,336,4,3,0),(1206,73,187,336,4,3,0),(1207,1,NULL,337,10,1,0),(1208,15,NULL,337,7,2,0),(1209,32,NULL,337,6,3,0),(1210,109,NULL,337,4,4,0),(1211,107,NULL,337,3,5,0),(1212,109,NULL,338,0,4,0),(1213,1,NULL,338,0,4,0),(1214,27,NULL,338,0,4,0),(1215,32,NULL,338,0,4,0),(1219,107,186,340,4,1,0),(1220,15,186,340,2,2,0),(1221,1,187,340,1,3,0),(1222,81,178,341,84,1,0),(1223,1,176,341,56,2,0),(1224,110,179,341,54,3,0),(1225,83,185,341,53,4,0),(1226,15,173,341,42,5,0),(1227,1,NULL,342,95,1,0),(1228,15,NULL,342,94,2,0),(1229,27,NULL,342,78,3,0),(1230,32,NULL,342,72,4,0),(1231,91,NULL,343,2160,1,0),(1232,1,NULL,343,1700,2,0),(1233,15,NULL,343,1020,3,0),(1234,32,NULL,343,960,4,0),(1235,83,NULL,344,83,1,0),(1236,82,NULL,344,79,2,0),(1237,1,NULL,344,76,3,0),(1238,97,NULL,344,60,4,0),(1239,1,NULL,345,0,1,0),(1240,64,NULL,345,0,4,0),(1241,107,NULL,346,88,1,0),(1242,15,NULL,346,84,2,0),(1243,32,NULL,346,76,3,0),(1244,1,NULL,346,75,4,0),(1245,15,NULL,345,0,4,0),(1246,32,NULL,345,0,4,0),(1247,1,189,347,3,1,0),(1248,15,190,347,2,4,0),(1249,14,188,347,2,4,0),(1250,107,186,347,2,4,0),(1251,109,NULL,348,1780,1,0),(1252,1,NULL,348,1690,2,0),(1253,15,NULL,348,1680,3,0),(1254,32,NULL,348,1400,4,0),(1255,84,NULL,349,69,1,0),(1256,1,NULL,349,60,2,0),(1257,111,NULL,349,59,3,0),(1258,97,NULL,349,41,4,0),(1259,87,NULL,349,38,5,0),(1260,15,189,350,5,1,0),(1261,1,187,350,5,2,0),(1262,21,186,350,4,3,0),(1263,105,190,350,3,4,0),(1264,1,87,351,7,1,0),(1265,107,89,351,3,2,0),(1266,15,88,351,2,3,0),(1267,15,NULL,352,111,1,0),(1268,32,NULL,352,102,2,0),(1269,1,NULL,352,73,3,0),(1270,32,191,353,63,1,0),(1271,1,193,353,61,2,0),(1272,15,192,353,49,3,0),(1273,32,199,354,134,1,0),(1274,1,201,354,125,2,0),(1275,15,198,354,124,3,0),(1276,86,200,354,103,4,0),(1277,15,203,355,27,1,0),(1278,107,203,355,25,2,0),(1279,1,203,355,24,4,0),(1280,112,203,355,24,4,0),(1281,81,203,356,32,1,0),(1282,83,203,356,22,2,0),(1283,1,203,356,20,3,0),(1284,15,195,357,7,1,0),(1285,107,196,357,6,2,0),(1286,1,194,357,5,4,0),(1287,14,197,357,5,4,0),(1288,82,203,358,26,1,0),(1289,87,203,358,21,2,0),(1290,1,203,358,20,3,0),(1291,97,203,358,10,4,0),(1292,100,203,358,9,5,0),(1293,15,203,359,35,1,0),(1294,32,203,359,31,2,0),(1295,1,203,359,29,3,0),(1296,109,203,359,10,4,0),(1297,1,203,360,30,1,0),(1298,107,203,360,18,2,0),(1299,109,203,360,12,3,0),(1300,34,NULL,361,15,1,0),(1301,15,NULL,361,10,2,0),(1302,1,NULL,361,5,3,0),(1303,15,204,362,98,1,0),(1304,1,207,362,94,3,0),(1305,91,205,362,94,3,0),(1306,27,206,362,80,4,0),(1307,107,186,363,3,1,0),(1308,32,188,363,3,3,0),(1309,1,190,363,3,3,0),(1310,15,189,363,2,4,0),(1311,27,169,364,100,1,0),(1312,1,171,364,86,2,0),(1313,107,170,364,83,3,0),(1314,1,NULL,365,85,1,0),(1315,20,NULL,365,79,2,0),(1316,15,NULL,365,60,3,0),(1317,77,NULL,365,33,4,0),(1318,15,147,366,77,1,0),(1319,1,149,366,47,2,0),(1320,21,148,366,33,3,0),(1321,27,150,366,32,4,0),(1322,26,151,366,30,5,0),(1323,28,168,366,16,6,0),(1324,26,NULL,367,40,1,0),(1325,28,NULL,367,35,2,0),(1326,27,NULL,367,27,3,0),(1327,15,NULL,367,22,4,0),(1328,1,NULL,367,12,5,0),(1329,73,45,368,6,2,0),(1330,1,208,368,85,1,0),(1331,15,NULL,369,70,1,0),(1332,1,NULL,369,63,2,0),(1333,107,NULL,369,52,3,0),(1334,113,NULL,369,51,4,0),(1335,97,NULL,370,136,1,0),(1336,84,NULL,370,121,2,0),(1337,83,NULL,370,91,3,0),(1338,1,NULL,370,49,4,0),(1339,19,209,371,117,1,0),(1340,1,210,371,80,2,0),(1341,21,212,371,40,3,0),(1342,15,211,371,24,4,0),(1343,21,212,372,70,1,0),(1344,29,209,372,56,2,0),(1345,15,210,372,34,3,0),(1346,1,211,372,32,4,0),(1347,29,209,373,105,1,0),(1348,15,210,373,66,2,0),(1349,21,211,373,50,3,0),(1350,1,212,373,10,4,0),(1351,1,208,374,127,1,0),(1352,73,45,374,46,2,0),(1353,1,45,375,82,1,0),(1354,73,208,375,24,2,0),(1355,1,NULL,376,143,1,0),(1356,15,NULL,376,108,2,0),(1357,27,NULL,376,96,3,0),(1358,114,NULL,376,75,4,0),(1359,1,NULL,377,112,1,0),(1360,107,NULL,377,109,2,0),(1361,15,NULL,377,77,3,0),(1362,114,NULL,377,66,4,0),(1363,107,NULL,378,56,1,0),(1364,15,NULL,378,35,2,0),(1365,114,NULL,378,33,3,0),(1366,1,NULL,378,31,4,0),(1367,1,213,379,135,1,0),(1368,73,45,379,5,2,0),(1369,15,NULL,380,60,1,0),(1370,109,NULL,380,36,2,0),(1371,1,NULL,380,34,3,0),(1372,32,NULL,380,33,4,0),(1373,15,71,381,11,1,0),(1374,1,72,381,9,2,0),(1375,14,75,381,6,3,0),(1376,64,73,381,2,4,0),(1377,21,74,381,0,5,0),(1378,26,214,382,197,1,0),(1379,1,214,382,124,2,0),(1380,28,214,382,114,3,0),(1381,27,214,382,97,4,0),(1382,107,NULL,383,79,1,0),(1383,15,NULL,383,71,2,0),(1384,1,NULL,383,60,3,0),(1385,109,NULL,384,2,1,0),(1386,1,NULL,384,0,5,0),(1387,15,NULL,384,0,5,0),(1388,32,NULL,384,0,5,0),(1389,115,NULL,384,0,5,0),(1390,15,218,385,100,1,0),(1391,21,215,385,75,2,0),(1392,1,217,385,25,3,0),(1393,107,216,385,16,4,0),(1394,15,150,386,92,1,0),(1395,1,149,386,61,2,0),(1396,24,167,386,38,3,0),(1397,27,148,386,16,4,0),(1398,82,219,387,34,1,0),(1399,1,220,387,30,2,0),(1400,81,221,387,27,3,0),(1401,116,222,387,24,4,0),(1402,17,NULL,388,112,1,0),(1403,1,NULL,388,107,2,0),(1404,16,NULL,388,100,3,0),(1405,32,NULL,388,89,4,0),(1406,115,169,389,56,1,0),(1407,107,171,389,47,2,0),(1408,1,170,389,41,3,0),(1409,15,170,390,74,1,0),(1410,107,171,390,68,2,0),(1411,1,169,390,63,3,0),(1412,1,NULL,391,13,1,0),(1413,15,NULL,391,11,2,0),(1414,107,NULL,391,5,3,0),(1415,82,222,392,50,1,0),(1416,116,220,392,42,2,0),(1417,84,221,392,41,3,0),(1418,1,223,392,39,4,0),(1419,14,110,393,2,1,0),(1420,15,108,393,1,3,0),(1421,36,107,393,1,3,0),(1422,1,109,393,0,4,0),(1423,118,225,394,49,1,0),(1424,84,226,394,42,2,0),(1425,87,219,394,35,3,0),(1426,1,222,394,25,4,0),(1427,116,221,395,52,1,0),(1428,1,220,395,44,2,0),(1429,119,226,395,35,3,0),(1430,99,222,395,33,4,0),(1431,82,NULL,396,146,1,0),(1432,1,NULL,396,133,2,0),(1433,84,NULL,396,129,3,0),(1434,83,NULL,396,113,4,0),(1435,21,NULL,397,129,1,0),(1436,1,NULL,397,112,2,0),(1437,15,NULL,397,39,3,0),(1438,29,NULL,397,34,4,0),(1439,82,219,398,37,1,0),(1440,97,220,398,27,3,0),(1441,87,223,398,27,3,0),(1442,1,221,398,26,4,0),(1443,87,NULL,399,7,1,0),(1444,82,NULL,399,6,2,0),(1445,1,NULL,399,4,3,0),(1446,97,NULL,399,1,4,0),(1447,1,NULL,400,7,1,0),(1448,107,NULL,400,6,4,0),(1449,15,NULL,400,6,4,0),(1450,115,NULL,400,6,4,0),(1451,1,NULL,401,159,1,0),(1452,97,NULL,401,144,2,0),(1453,87,NULL,401,121,3,0),(1454,120,230,402,30,1,0),(1455,1,229,402,14,2,0),(1456,107,227,402,11,3,0),(1457,17,228,402,9,4,0),(1458,1,231,403,0,1,0),(1459,73,232,403,0,2,0),(1460,73,232,404,0,2,0),(1461,1,231,404,0,1,0),(1462,73,232,405,0,1,0),(1463,1,231,405,0,2,0),(1464,1,233,406,0,1,0),(1465,73,231,406,0,2,0),(1466,1,NULL,407,165,1,0),(1467,87,NULL,407,139,2,0),(1468,116,NULL,407,135,3,0),(1469,1,NULL,408,175,1,0),(1470,120,NULL,408,126,2,0),(1471,115,NULL,408,121,3,0),(1472,15,NULL,408,117,4,0),(1473,82,NULL,409,142,1,0),(1474,1,NULL,409,140,2,0),(1475,83,NULL,409,121,4,0),(1476,81,NULL,409,121,4,0),(1477,1,NULL,410,162,1,0),(1478,15,NULL,410,147,2,0),(1479,120,NULL,410,130,3,0),(1480,115,NULL,410,97,4,0),(1481,118,230,411,30,1,0),(1482,87,229,411,17,2,0),(1483,1,228,411,16,3,0),(1484,84,227,411,0,4,0),(1485,27,229,412,30,1,0),(1486,1,230,412,13,3,0),(1487,15,227,412,13,3,0),(1488,115,228,412,12,4,0),(1489,87,228,413,30,1,0),(1490,82,227,413,26,2,0),(1491,1,229,413,24,3,0),(1492,81,230,413,23,4,0),(1493,87,227,414,30,1,0),(1494,81,229,414,24,2,0),(1495,82,230,414,18,3,0),(1496,1,228,414,14,4,0),(1497,1,228,415,30,1,0),(1498,107,229,415,29,2,0),(1499,27,227,415,13,3,0),(1500,120,230,415,11,4,0),(1501,1,227,416,30,1,0),(1502,120,229,416,24,2,0),(1503,107,228,416,16,4,0),(1504,27,230,416,16,4,0),(1505,121,228,417,30,1,0),(1506,1,229,417,27,4,0),(1507,116,227,417,27,4,0),(1508,99,230,417,27,4,0),(1509,82,230,418,30,1,0),(1510,87,229,418,28,2,0),(1511,65,227,418,24,3,0),(1512,1,238,418,8,4,0),(1513,97,239,418,0,5,0),(1514,107,229,419,30,1,0),(1515,1,238,419,23,3,0),(1516,15,227,419,23,3,0),(1517,120,239,419,17,4,0),(1518,83,NULL,420,22,1,0),(1519,121,NULL,420,21,2,0),(1520,1,NULL,420,18,3,0),(1521,81,NULL,420,16,5,0),(1522,116,NULL,420,16,5,0),(1523,112,NULL,420,14,6,0),(1524,15,NULL,421,136,1,0),(1525,1,NULL,421,133,2,0),(1526,115,NULL,421,123,3,0),(1527,122,228,422,30,1,0),(1528,1,229,422,25,2,0),(1529,82,227,422,18,3,0),(1530,97,239,422,9,4,0),(1531,97,227,423,30,1,0),(1532,1,238,423,27,2,0),(1533,122,229,423,20,3,0),(1534,82,239,423,10,4,0),(1535,73,240,424,0,2,0),(1536,1,241,424,116,1,0),(1537,107,238,425,30,1,0),(1538,1,227,425,24,2,0),(1539,79,229,425,10,3,0),(1540,27,228,425,9,4,0),(1541,120,239,425,5,5,0),(1542,1,NULL,426,126,1,0),(1543,123,NULL,426,102,2,0),(1544,121,NULL,426,93,3,0),(1545,99,NULL,426,71,4,0),(1546,15,NULL,427,157,1,0),(1547,1,NULL,427,156,2,0),(1548,120,NULL,427,130,3,0),(1549,123,NULL,428,146,1,0),(1550,1,NULL,428,114,2,0),(1551,121,NULL,428,96,3,0),(1552,118,NULL,428,74,4,0),(1553,17,242,429,122,1,0),(1554,1,243,429,96,2,0),(1555,15,244,429,91,3,0),(1556,115,245,429,64,4,0),(1557,21,NULL,430,130,1,0),(1558,1,NULL,430,130,2,0),(1559,15,NULL,430,128,3,0),(1560,73,NULL,430,43,4,0),(1561,17,227,431,30,1,0),(1562,15,228,431,25,2,0),(1563,1,239,431,24,3,0),(1564,120,229,431,12,4,0),(1565,1,246,432,62,1,0),(1566,15,247,432,21,2,0),(1567,17,NULL,433,129,1,0),(1568,1,NULL,433,118,2,0),(1569,120,NULL,433,110,3,0),(1570,15,NULL,433,105,4,0),(1571,32,228,434,30,1,0),(1572,1,239,434,27,2,0),(1573,15,238,434,23,3,0),(1574,115,227,434,18,4,0),(1575,17,229,434,15,5,0),(1576,15,NULL,435,80,1,0),(1577,1,NULL,435,54,2,0),(1578,26,NULL,435,52,3,0),(1579,73,NULL,435,49,4,0),(1580,1,248,436,64,1,0),(1581,15,246,436,44,2,0),(1582,31,77,437,7,1,0),(1583,29,249,437,6,2,0),(1584,21,78,437,4,3,0),(1585,1,250,437,3,4,0),(1586,124,79,437,3,5,0),(1587,79,76,437,2,7,0),(1588,125,80,437,2,7,0),(1589,115,256,438,36,1,0),(1590,1,253,438,33,2,0),(1591,32,254,438,28,3,0),(1592,120,255,438,18,4,0),(1593,73,257,439,0,1,0),(1594,1,258,439,0,2,0),(1595,15,262,440,114,1,0),(1596,32,263,440,94,2,0),(1597,1,243,440,80,3,0),(1598,1,258,441,0,2,0),(1599,15,257,441,0,1,0),(1600,1,242,442,126,1,0),(1601,17,265,442,126,1,0),(1602,32,264,442,98,3,0),(1603,21,NULL,443,22,1,0),(1604,1,NULL,443,14,2,0),(1605,15,NULL,443,13,3,0),(1606,73,NULL,443,8,4,0),(1607,15,NULL,444,71,1,0),(1608,1,NULL,444,66,2,0),(1609,21,NULL,444,62,3,0),(1610,73,NULL,444,37,4,0),(1611,21,266,445,105,1,0),(1612,1,267,445,93,2,0),(1613,15,269,445,76,3,0),(1614,124,268,445,65,4,0),(1615,1,258,446,0,1,0),(1616,15,257,446,0,2,0),(1617,29,270,447,59,1,0),(1618,1,271,447,25,2,0),(1619,73,257,448,0,2,0),(1620,1,258,448,0,1,0),(1621,1,257,449,0,1,0),(1622,73,258,449,0,2,0),(1623,15,270,450,64,1,0),(1624,1,271,450,5,2,0),(1625,1,270,451,47,1,0),(1626,15,271,451,27,2,0),(1627,107,NULL,452,23,1,0),(1628,124,NULL,452,17,2,0),(1629,1,NULL,452,12,3,0),(1630,29,NULL,452,4,4,0),(1631,1,NULL,453,23,1,0),(1632,29,NULL,453,13,2,0),(1633,107,NULL,453,11,3,0),(1634,32,276,454,53,1,0),(1635,1,275,454,50,2,0),(1636,27,274,454,39,3,0),(1637,127,254,454,22,4,0),(1638,126,272,454,20,5,0),(1639,115,273,454,18,6,0),(1640,1,259,455,0,1,0),(1641,73,257,455,0,2,0),(1642,1,229,456,30,1,0),(1643,120,238,456,20,2,0),(1644,127,227,456,16,3,0),(1645,27,228,456,8,4,0),(1646,15,239,456,2,5,0),(1647,15,275,457,44,2,0),(1648,120,255,457,44,1,0),(1649,1,276,457,41,3,0),(1650,115,272,457,30,4,0),(1651,1,271,458,76,1,0),(1652,15,270,458,59,2,0),(1653,73,257,459,0,2,0),(1654,1,259,459,0,1,0),(1655,27,228,460,30,1,0),(1656,128,227,460,22,2,0),(1657,15,229,460,17,3,0),(1658,1,238,460,12,4,0),(1659,82,277,461,0,2,0),(1660,1,278,461,0,1,0),(1661,15,271,462,102,1,0),(1662,1,270,462,56,2,0),(1663,129,227,463,30,1,0),(1664,1,239,463,17,3,0),(1665,120,228,463,17,3,0),(1666,15,229,463,0,4,0),(1667,73,279,464,0,2,0),(1668,1,280,464,0,1,0),(1669,1,NULL,465,131,1,0),(1670,17,NULL,465,116,3,0),(1671,15,NULL,465,119,2,0),(1672,115,NULL,465,87,4,0),(1673,1,279,466,0,1,0),(1674,73,280,466,0,2,0),(1675,120,256,467,45,1,0),(1676,32,254,467,44,3,0),(1677,1,275,467,44,3,0),(1678,113,273,467,29,4,0),(1679,1,255,468,45,1,0),(1680,15,276,468,45,2,0),(1681,32,273,468,42,3,0),(1682,1,284,469,100,1,0),(1683,73,283,469,90,2,0),(1684,15,281,469,80,3,0),(1685,21,282,469,70,4,0),(1686,73,285,470,0,2,0),(1687,1,286,470,0,1,0),(1688,15,271,471,117,1,0),(1689,1,114,471,40,2,0),(1690,17,NULL,472,128,1,0),(1691,1,NULL,472,121,2,0),(1692,70,NULL,472,121,3,0),(1693,15,NULL,472,112,4,0),(1694,15,288,473,18,1,0),(1695,107,289,473,17,2,0),(1696,1,287,473,14,3,0),(1697,1,286,474,0,1,0),(1698,73,285,474,0,2,0),(1699,107,290,475,19,1,0),(1700,1,292,475,12,2,0),(1701,120,291,475,8,3,0),(1702,15,287,475,4,4,0),(1703,1,288,476,52,1,0),(1704,73,287,476,48,2,0),(1705,15,289,476,36,3,0),(1706,14,293,477,37,1,0),(1707,21,287,477,34,2,0),(1708,124,291,477,32,3,0),(1709,1,292,477,29,4,0),(1710,29,294,477,28,5,0),(1711,114,290,477,16,6,0),(1712,1,296,478,0,1,0),(1713,73,295,478,0,2,0);
/*!40000 ALTER TABLE `participation` ENABLE KEYS */;
UNLOCK TABLES;

--
-- Table structure for table `player`
--

DROP TABLE IF EXISTS `player`;
/*!40101 SET @saved_cs_client     = @@character_set_client */;
/*!40101 SET character_set_client = utf8 */;
CREATE TABLE `player` (
  `id` int(11) NOT NULL AUTO_INCREMENT,
  `fornavn` char(100) DEFAULT NULL,
  `etternavn` char(100) DEFAULT NULL,
  `facebookID` char(255) DEFAULT NULL,
  `epost` char(255) DEFAULT NULL,
  `brukernavn` char(255) DEFAULT NULL,
  `passord` char(255) DEFAULT NULL,
  `rettighet` int(11) DEFAULT NULL,
  `orgID` int(11) DEFAULT NULL,
  `overlook` int(11) DEFAULT NULL,
  `overse` int(11) DEFAULT '0',
  PRIMARY KEY (`id`)
) ENGINE=InnoDB AUTO_INCREMENT=130 DEFAULT CHARSET=utf8;
/*!40101 SET character_set_client = @saved_cs_client */;

--
-- Dumping data for table `player`
--

LOCK TABLES `player` WRITE;
/*!40000 ALTER TABLE `player` DISABLE KEYS */;
INSERT INTO `player` VALUES (1,'Steinar','Vilnes','10153084286737231','sjoeviln@online.no','steviln','bickiimo',25,NULL,0,0),(14,'Andreas','Farsjø','','','AndFar','CdN2hglf',20,NULL,0,0),(15,'Arild','Sørstad','746877738803326','','','',1,NULL,0,0),(16,'Robert','Grønås','','','','',1,NULL,0,0),(17,'Vegard','Eliasen Stilerud','','','','',1,NULL,0,0),(18,'Jon Arne','Olsen','','','','',1,NULL,1,0),(19,'Christian','Kirkerud Gronli','1354886467894700','','','',20,NULL,0,0),(20,'Geir Andre','Wahlquist','','','','',1,NULL,0,0),(21,'Torkild Johannes','Balog','10158326445510374','','','',1,NULL,0,0),(22,'Didrik','Henriksen','','','','',1,NULL,0,0),(23,'Erik','Taksdal Kongshavn','','','','',1,NULL,0,0),(24,'Thomas','Håkonsen Stubberud','','','','',1,NULL,0,0),(25,'Jørgen','Kjemperud','','','','',1,NULL,0,0),(26,'Trond','Meistad','','','','',1,NULL,0,0),(27,'Roy','Grutchfield','','','','',1,NULL,0,0),(28,'Linda','Cottrell','','','','',1,NULL,0,0),(29,'Odd Helge','Gravalid','','','','',20,NULL,0,0),(30,'Alexander','Magic spiller','','','','',1,NULL,0,0),(31,'Geir','Børse','','','','',1,NULL,0,0),(32,'Trond Arvid','Roise','1199889620124545','trondroise@gmail.com','','x8XpdjqIV5OMzENd',0,NULL,0,0),(33,'Karolin','Børse','','','','',1,NULL,0,0),(34,'Bjørn','Ukjent','','','','',1,NULL,0,0),(35,'Nils Ove','Ukjent','','','','',1,NULL,0,0),(36,'Gard','Hofsvang','','','','',1,NULL,0,0),(37,'Ole Morten','Andreassen','','','','',1,NULL,0,0),(63,'Stian','Jacobsen','','','','',1,NULL,0,0),(64,'Olav','Marstokk','','','','',1,NULL,0,0),(65,'Knut Ivar','Hoksrød','','','','',1,NULL,0,0),(66,'Øystein','Wiig','','','','',1,NULL,0,0),(67,'Rune','Sporbeck','','','','',1,NULL,0,0),(68,'Nelden Brainander','Petersen','','','','',1,NULL,0,0),(69,'Anel','Kovac','','','','',1,NULL,0,0),(70,'Eilif','Svensson','','','','',1,NULL,0,0),(71,'Gaute','Nedberg Hedberg','','','','',1,NULL,0,0),(72,'Christian','Onsager','','','','',1,NULL,0,0),(73,'Stein','Surland','1234144429973649','','','',1,NULL,0,0),(74,'Per Magnus','Solberg','','','','',1,NULL,0,0),(75,'Anders','Månsson','1457717177621201','','','',1,NULL,0,0),(76,'Daniel','Kleven','','','','',1,NULL,0,0),(77,'Tor Marius','Jensen','','','','',1,NULL,0,0),(78,'Henrik','Sjølin','','','','',1,NULL,0,0),(79,'Fridjof','Bergen','','','','',1,NULL,0,0),(80,'Tilfeldig','Spiller','','','','',1,NULL,1,0),(81,'Håvard','Granlund','','','','',20,NULL,0,0),(82,'Andre','Adelsten Søvik','','','','',0,NULL,0,0),(83,'Mats','Fra Moss','','','','',1,NULL,0,0),(84,'Karl Thomas','Hjelmervik','10154550320205233','','','',20,NULL,0,0),(85,'Maja','ukjent','','','','',1,NULL,0,0),(86,'Robert','Moen','','','','',1,NULL,0,0),(87,'Bjørn Helge','Kjøsnes','','','','',0,NULL,0,0),(88,'Nummer 1','37 Brettspill','','','','',0,NULL,0,0),(89,'Nummer 2','37 brettspill','','','','',0,NULL,0,0),(90,'Torgeir','Bull','','','','',0,NULL,0,0),(91,'Odd Carsten','Myrseth Arnø','','','','',0,NULL,0,0),(92,'Hallvard','Sæle','','','','',0,NULL,0,0),(93,'Eirik','Warholm Munthe','','','','',0,NULL,0,0),(94,'Nummer 3','37 Brettspill','','','','',0,NULL,0,0),(95,'Nummer 5','37 Brettspill','','','','',0,NULL,0,0),(96,'Nummer 4','37 Brettspill','','','','',0,NULL,0,0),(97,'Peder','Kjøsnes','','','','',0,NULL,0,0),(98,'Nummer 6','37 Brettspill','','','','',0,NULL,0,0),(99,'Lasse','Moskvil','','','','',0,NULL,0,0),(100,'Lars','Fotland','','','','',0,NULL,0,0),(101,'Marianne','Timby','','','','',0,NULL,0,0),(102,'Johannes','Botne','','','','',0,NULL,0,0),(103,'Samir','Kakesmule','','','','',0,NULL,0,0),(104,'Heidi','Lindstrøm','','','','',0,NULL,0,0),(105,'Anel','Alekic','','','','',0,NULL,0,0),(106,'Daniel','Åsbjørnsson','','','','',0,NULL,0,0),(107,'Bjørn','Vethe','','','','',0,NULL,0,0),(108,'Dan','Ukjent','','','','',0,NULL,0,0),(109,'Dan','Ukjent','','','','',0,NULL,0,0),(110,'Kim Andre','Solberg','','','','',0,NULL,0,0),(111,'Flemming','Ukjent','','','','',0,NULL,0,0),(112,'Ukjent','Ukjent','','','','',0,NULL,0,0),(113,'Jon Emil','Sletaker','','','','',0,NULL,0,0),(114,'Jon','Rype','','','','',0,NULL,0,0),(115,'Håvard','Wilsgaard','','','','',0,NULL,0,0),(116,'Sjur','Nilsen Haga','','','','',0,NULL,0,0),(117,'Ukjent','Horten Bibliotek','','','','',0,NULL,0,0),(118,'Henning','Kjøsnes','','','','',0,NULL,0,0),(119,'Fransk','Mann','','','','',0,NULL,0,0),(120,'Thoralf','Drange','','','','',0,NULL,0,0),(121,'Joakim','Petersvold','','','','',0,NULL,0,0),(122,'Fredrik','Refstie','','','','',0,NULL,0,0),(123,'Avisek','Roy','','','','',0,NULL,0,0),(124,'Matthijs','Holter','','','','',0,NULL,0,0),(125,'Fredrik','Trønder','','','','',0,NULL,0,0),(126,'Daniel','Junior','','','','',0,NULL,0,0),(127,'Blake','Grutchfield','','','','',0,NULL,0,0),(128,'David','Lund','','','','',0,NULL,0,0),(129,'Automatic','Bot','','','','',0,NULL,0,0);
/*!40000 ALTER TABLE `player` ENABLE KEYS */;
UNLOCK TABLES;

--
-- Temporary view structure for view `playerranking`
--

DROP TABLE IF EXISTS `playerranking`;
/*!50001 DROP VIEW IF EXISTS `playerranking`*/;
SET @saved_cs_client     = @@character_set_client;
SET character_set_client = utf8;
/*!50001 CREATE VIEW `playerranking` AS SELECT 
 1 AS `id`,
 1 AS `navn`,
 1 AS `rangering`,
 1 AS `antall`*/;
SET character_set_client = @saved_cs_client;

--
-- Table structure for table `rating`
--

DROP TABLE IF EXISTS `rating`;
/*!40101 SET @saved_cs_client     = @@character_set_client */;
/*!40101 SET character_set_client = utf8 */;
CREATE TABLE `rating` (
  `id` int(11) NOT NULL AUTO_INCREMENT,
  `rating` int(11) DEFAULT NULL,
  `owner` int(11) DEFAULT NULL,
  `game` int(11) DEFAULT NULL,
  `playerID` int(11) DEFAULT NULL,
  PRIMARY KEY (`id`)
) ENGINE=InnoDB AUTO_INCREMENT=232 DEFAULT CHARSET=utf8;
/*!40101 SET character_set_client = @saved_cs_client */;

--
-- Dumping data for table `rating`
--

LOCK TABLES `rating` WRITE;
/*!40000 ALTER TABLE `rating` DISABLE KEYS */;
INSERT INTO `rating` VALUES (1,7,1,35,1),(2,5,1,48,1),(3,5,1,62,1),(4,4,1,39,1),(5,5,1,71,1),(6,6,1,58,1),(7,4,1,68,1),(8,5,1,19,1),(9,5,1,21,1),(10,5,1,37,1),(11,3,1,44,1),(12,6,1,42,1),(13,6,1,74,1),(14,5,1,76,1),(15,6,1,23,1),(16,6,1,43,1),(17,5,1,66,1),(18,5,1,75,1),(19,6,1,29,1),(20,4,1,15,1),(21,4,1,14,1),(22,2,NULL,18,1),(23,4,NULL,54,1),(24,4,NULL,73,1),(25,5,1,69,1),(26,6,1,52,1),(27,5,1,56,1),(28,4,1,36,1),(29,3,1,31,1),(30,4,1,16,1),(31,4,1,22,1),(32,4,NULL,62,73),(33,6,NULL,69,73),(34,4,NULL,22,73),(35,4,NULL,48,73),(36,5,NULL,70,73),(37,5,NULL,19,73),(38,6,NULL,71,73),(39,4,NULL,61,73),(40,6,NULL,75,73),(41,6,1,17,1),(42,5,1,20,1),(43,5,1,24,1),(44,6,1,25,1),(45,5,1,26,1),(46,5,1,27,1),(47,4,1,28,1),(48,3,0,30,1),(49,4,1,32,1),(50,4,1,33,1),(51,5,1,34,1),(52,5,NULL,72,1),(53,5,1,70,1),(54,6,1,67,1),(55,6,1,63,1),(56,5,1,61,1),(57,4,1,60,1),(58,5,1,59,1),(59,4,1,57,1),(60,6,1,55,1),(61,6,1,53,1),(62,4,1,51,1),(63,5,1,50,1),(64,5,1,49,1),(65,4,1,47,1),(66,5,1,46,1),(67,6,1,45,1),(68,4,1,41,1),(69,3,NULL,40,1),(70,4,1,38,1),(71,7,NULL,14,15),(72,5,NULL,15,15),(73,3,NULL,16,15),(74,4,NULL,17,15),(75,5,NULL,18,15),(76,5,NULL,19,15),(77,4,NULL,20,15),(78,5,NULL,21,15),(79,5,NULL,22,15),(80,4,NULL,23,15),(81,4,NULL,24,15),(82,4,NULL,25,15),(83,3,NULL,26,15),(84,4,NULL,27,15),(85,4,NULL,28,15),(86,2,NULL,29,15),(87,5,NULL,31,15),(88,4,NULL,32,15),(89,3,NULL,33,15),(90,3,NULL,34,15),(91,5,NULL,35,15),(92,3,NULL,36,15),(93,3,NULL,37,15),(94,5,NULL,38,15),(95,5,NULL,39,15),(96,4,0,30,15),(97,4,NULL,41,15),(98,4,NULL,42,15),(99,4,NULL,43,15),(100,4,NULL,44,15),(101,3,NULL,45,15),(102,4,NULL,46,15),(103,5,NULL,47,15),(104,5,NULL,48,15),(105,5,NULL,49,15),(106,7,NULL,50,15),(107,3,NULL,51,15),(108,6,NULL,52,15),(109,4,NULL,54,15),(110,5,NULL,57,15),(111,4,NULL,59,15),(112,5,NULL,60,15),(113,6,NULL,61,15),(114,2,NULL,62,15),(115,3,NULL,68,15),(116,6,NULL,69,15),(117,7,NULL,70,15),(118,5,NULL,72,15),(119,4,NULL,75,15),(120,4,NULL,76,15),(121,6,1,14,32),(122,5,NULL,15,32),(123,4,NULL,16,32),(124,5,NULL,17,32),(125,5,NULL,18,32),(126,5,NULL,19,32),(127,5,NULL,20,32),(128,5,NULL,21,32),(129,4,NULL,22,32),(130,5,NULL,23,32),(131,4,NULL,24,32),(132,5,NULL,25,32),(133,5,NULL,26,32),(134,5,NULL,27,32),(135,5,NULL,28,32),(136,5,NULL,29,32),(137,5,0,30,32),(138,4,NULL,31,32),(139,5,NULL,32,32),(140,5,NULL,33,32),(141,4,NULL,34,32),(142,4,NULL,35,32),(143,5,NULL,36,32),(144,4,NULL,37,32),(145,5,NULL,38,32),(146,4,NULL,39,32),(147,5,NULL,40,32),(148,5,NULL,41,32),(149,4,NULL,42,32),(150,5,NULL,43,32),(151,5,NULL,44,32),(152,5,NULL,45,32),(153,5,1,46,32),(154,5,NULL,47,32),(155,5,NULL,48,32),(156,5,1,49,32),(157,5,1,50,32),(158,5,NULL,51,32),(159,5,NULL,52,32),(160,5,NULL,53,32),(161,5,NULL,54,32),(162,5,NULL,55,32),(163,5,NULL,56,32),(164,5,NULL,57,32),(165,4,NULL,58,32),(166,4,NULL,59,32),(167,4,NULL,60,32),(168,5,NULL,61,32),(169,4,NULL,62,32),(170,5,NULL,63,32),(171,4,NULL,66,32),(172,5,NULL,67,32),(173,4,NULL,68,32),(174,3,NULL,69,32),(175,6,NULL,70,32),(176,5,1,71,32),(177,5,NULL,72,32),(178,5,NULL,73,32),(179,5,NULL,74,32),(180,5,NULL,75,32),(181,5,NULL,76,32),(182,5,NULL,77,32),(183,5,NULL,78,32),(184,5,NULL,79,32),(185,4,NULL,14,21),(186,3,NULL,16,21),(187,4,NULL,18,21),(188,5,NULL,19,21),(189,4,NULL,21,21),(190,4,NULL,22,21),(191,5,NULL,24,21),(192,6,NULL,29,21),(193,4,NULL,31,21),(194,4,NULL,35,21),(195,6,NULL,36,21),(196,4,NULL,37,21),(197,4,NULL,42,21),(198,4,NULL,41,21),(199,5,NULL,43,21),(200,7,NULL,48,21),(201,4,NULL,51,21),(202,6,NULL,62,21),(203,4,NULL,69,21),(204,5,NULL,70,21),(205,4,NULL,74,21),(206,5,NULL,46,21),(207,5,1,79,1),(208,4,1,78,1),(209,4,1,77,1),(210,4,NULL,80,1),(211,2,NULL,17,75),(212,4,NULL,18,75),(213,4,NULL,21,75),(214,2,NULL,31,75),(215,5,NULL,34,75),(216,4,NULL,48,75),(217,4,NULL,54,75),(218,4,NULL,60,75),(219,3,NULL,66,75),(220,1,NULL,69,75),(221,4,NULL,78,75),(222,2,NULL,75,75),(223,3,NULL,44,75),(224,5,0,81,1),(225,3,0,82,1),(226,6,1,83,1),(227,5,0,80,32),(228,5,0,84,32),(229,5,0,85,32),(230,5,0,83,32),(231,5,0,81,32);
/*!40000 ALTER TABLE `rating` ENABLE KEYS */;
UNLOCK TABLES;

--
-- Table structure for table `scenario`
--

DROP TABLE IF EXISTS `scenario`;
/*!40101 SET @saved_cs_client     = @@character_set_client */;
/*!40101 SET character_set_client = utf8 */;
CREATE TABLE `scenario` (
  `id` int(11) NOT NULL AUTO_INCREMENT,
  `navn` char(255) DEFAULT NULL,
  `spillID` int(11) DEFAULT NULL,
  `orgID` int(11) DEFAULT NULL,
  PRIMARY KEY (`id`)
) ENGINE=InnoDB AUTO_INCREMENT=29 DEFAULT CHARSET=utf8;
/*!40101 SET character_set_client = @saved_cs_client */;

--
-- Dumping data for table `scenario`
--

LOCK TABLES `scenario` WRITE;
/*!40000 ALTER TABLE `scenario` DISABLE KEYS */;
INSERT INTO `scenario` VALUES (1,'Clear and Secure',20,NULL),(2,'Black Knight of the Steps',20,NULL),(3,'Bagradas Plains',25,NULL),(4,'The Bunker',27,NULL),(5,'Early Republic',29,NULL),(6,'Hercalea',25,NULL),(7,'Pelium',53,NULL),(8,'Sickle Cut',55,NULL),(9,'Lautulae',25,NULL),(10,'Cynosklopeia',25,NULL),(11,'Stonne',106,NULL),(12,'Steel at Thisnes',106,NULL),(13,'Piercing the Aisne Front',106,NULL),(14,'Menton',106,NULL),(15,'Historic',108,NULL),(16,'Tricameron',111,NULL),(17,'Callinicium',111,NULL),(18,'Deaths Head at Arras',113,NULL),(19,'I\'ll Take the Low Road',113,NULL),(20,'Mantinea',53,NULL),(21,'Fighting the Hedgehogs',113,NULL),(22,'Steel on Steel',113,NULL),(23,'Not One Step Back',115,NULL),(24,'That Damned Hill',116,NULL),(25,'Red Beach, Red',116,NULL),(26,'Crossing the Myshkova',118,NULL),(27,'Sellasia',53,NULL),(28,'Rattenkrieg',118,NULL);
/*!40000 ALTER TABLE `scenario` ENABLE KEYS */;
UNLOCK TABLES;

--
-- Table structure for table `selskap`
--

DROP TABLE IF EXISTS `selskap`;
/*!40101 SET @saved_cs_client     = @@character_set_client */;
/*!40101 SET character_set_client = utf8 */;
CREATE TABLE `selskap` (
  `id` int(11) NOT NULL AUTO_INCREMENT,
  `navn` char(255) DEFAULT NULL,
  `orgID` int(11) DEFAULT NULL,
  PRIMARY KEY (`id`)
) ENGINE=InnoDB AUTO_INCREMENT=44 DEFAULT CHARSET=utf8;
/*!40101 SET character_set_client = @saved_cs_client */;

--
-- Dumping data for table `selskap`
--

LOCK TABLES `selskap` WRITE;
/*!40000 ALTER TABLE `selskap` DISABLE KEYS */;
INSERT INTO `selskap` VALUES (1,'GMT Games',NULL),(2,'Fantasy Flight Games',NULL),(3,'Academy Games',NULL),(4,'Matagot',NULL),(5,'Valley Games',NULL),(6,'Histogame',NULL),(7,'Lautapelit',NULL),(8,'Lautapelit',NULL),(9,'Z-Man',NULL),(10,'Asmodee',NULL),(11,'Friedmann Friese',NULL),(12,'Rio Grande Games',NULL),(13,'Mayfair Games',NULL),(14,'Eagle Gryphon Games',NULL),(15,'Starting Player',NULL),(16,'Compass Games',NULL),(17,'Avalon Hill',NULL),(18,'Clash of Arms',NULL),(19,'Critical Hit!',NULL),(20,'Ragnar Brothers',NULL),(21,'Cool Mini Or Not',NULL),(22,'Stonemaier Games',NULL),(23,'PSC Games',NULL),(24,'Queen Games',NULL),(25,'Portal Games',NULL),(26,'Ravensburger',NULL),(27,'Stronghold Games',NULL),(28,'Libelllud',NULL),(29,'Gale Force Nine',NULL),(30,'Mighty Box',NULL),(31,'Treefrog Games',NULL),(32,'Karma Games',NULL),(33,'Weird City Games',NULL),(34,'WizKids',NULL),(35,'DLP Games',NULL),(36,'Knight Works',NULL),(37,'Cephalofair Games',NULL),(38,'Roxley',NULL),(39,'Phalanx',NULL),(40,'Leder Games',NULL),(41,'Legion Wargames',NULL),(42,'Gamelyn',NULL),(43,'LNL Publishing',NULL);
/*!40000 ALTER TABLE `selskap` ENABLE KEYS */;
UNLOCK TABLES;

--
-- Table structure for table `userlog`
--

DROP TABLE IF EXISTS `userlog`;
/*!40101 SET @saved_cs_client     = @@character_set_client */;
/*!40101 SET character_set_client = utf8 */;
CREATE TABLE `userlog` (
  `id` int(11) NOT NULL AUTO_INCREMENT,
  `userID` int(11) DEFAULT NULL,
  `sessionID` char(32) DEFAULT NULL,
  PRIMARY KEY (`id`)
) ENGINE=InnoDB AUTO_INCREMENT=350 DEFAULT CHARSET=utf8;
/*!40101 SET character_set_client = @saved_cs_client */;

--
-- Dumping data for table `userlog`
--

LOCK TABLES `userlog` WRITE;
/*!40000 ALTER TABLE `userlog` DISABLE KEYS */;
INSERT INTO `userlog` VALUES (1,1,'5745ab9b8310a5fab6e4880d6348'),(2,1,'57c80c3efede1bc39d1e87436c9e'),(3,1,'58495799fad4b66c08ae46909bca'),(4,1,'586a294346af87cb283a11170765'),(5,1,'58ae0c0ae8e2e7ccb9f94a54656c'),(6,1,'58cc23a761c476238815260d0d52'),(7,1,'58ea6cdc5287b4be20a3ad56a435'),(8,1,'5953c865d0f3c1734643bf2a3bd3'),(9,1,'5f1fbf3bf46e341d9c5f3fbf3f44'),(10,1,'5f1fbf3bf46e341d9c5f3fbf3f44'),(11,1,'5f1fbf3bf46e341d9c5f3fbf3f44'),(12,1,'5f1fbf3bf46e341d9c5f3fbf3f44'),(13,1,'5f1fbf3bf46e341d9c5f3fbf3f44'),(14,1,'5f1fbf3bf46e341d9c5f3fbf3f44'),(15,1,'5f1fbf3bf46e341d9c5f3fbf3f44'),(16,1,'5f1fbf3bf46e341d9c5f3fbf3f44'),(17,1,'5f1fbf3bf46e341d9c5f3fbf3f44'),(18,1,'5f1fbf3bf46e341d9c5f3fbf3f44'),(19,1,'5f1fbf3bf46e341d9c5f3fbf3f44'),(20,1,'5f1fbf3bf46e341d9c5f3fbf3f44'),(21,1,'5f1fbf3bf46e341d9c5f3fbf3f44'),(22,1,'5f1fbf3bf46e341d9c5f3fbf3f44'),(23,1,'5f1fbf3bf46e341d9c5f3fbf3f44'),(24,1,'5f1fbf3bf46e341d9c5f3fbf3f44'),(25,1,'611aadb5a0aa373f67192ca66a4a'),(26,1,'611aadb5a0aa373f67192ca66a4a'),(27,1,'611aadb5a0aa373f67192ca66a4a'),(28,1,'611aadb5a0aa373f67192ca66a4a'),(29,1,'611aadb5a0aa373f67192ca66a4a'),(30,1,'611aadb5a0aa373f67192ca66a4a'),(31,1,'611aadb5a0aa373f67192ca66a4a'),(32,1,'611aadb5a0aa373f67192ca66a4a'),(33,1,'611aadb5a0aa373f67192ca66a4a'),(34,1,'611aadb5a0aa373f67192ca66a4a'),(35,1,'72354d8df1a6525b75cc9ce17434'),(36,1,'570d2e889907533d8ff74985419e'),(37,1,'59f7d45844334dcba7d85b8db672'),(38,1,'6af7108b0974ad961a5cebf06edc'),(39,1,'42205b67e156dc88a7e2129a263d'),(40,1,'4233526337951d29cd117bed39a0'),(41,1,'42406d9d154a0d09d8ee95b2ffb5'),(42,1,'42b12977a948d1f277d3a7252b52'),(43,1,'4329a8b2f5120555dc97195aab3b'),(44,1,'43729a7bc56d174d54c561e65978'),(45,1,'43c2b1829827510ed662d10c3f46'),(46,1,'017d80319be1a04f062c6a75befa'),(47,1,'901bdc8c3f595590b0f9e52bdfa6'),(48,1,'46ea3e6b469294b1aab62684c4b3'),(49,1,'703f4f0ea7453d2f64e14eec140d'),(50,1,'92381efa162a81b160e5f0eb1a33'),(51,1,'926dd1215b2d7ba5efd36dcec4eb'),(52,1,'c98c31cc3d540e0656e37bf1361c'),(53,1,'c9a51213a0c30e1af62fad3b149d'),(54,1,'c9c1b1bbd0bf40fbfbf9251005ab'),(55,1,'dd51c514fa1679ae80da7566c41b'),(56,1,'dd9fa08ca9e36dd8b1ddbf2e7e4f'),(57,1,'deb3522c5846ef11cd4bff96679b'),(58,1,'e03b98a15a8453797b194c451319'),(59,1,'e0a8ead8a5dea92e96360b737e9e'),(60,1,'698466d9709498b94274d58261b5'),(61,1,'6a6bb9b8da06b0d84133e727cc64'),(62,1,'6aba5bea9b858214c8ec76dcd3d0'),(63,1,'6b4c94db3f7c5629b9fcb8723fc4'),(64,1,'6ba1f5157c89a1325b76a1e30157'),(65,1,'6bef3e10ce886f7548addff15fa0'),(66,1,'6c131b49eda666b4d82884ae6728'),(67,1,'6c3c2e6925480912dc7883d20fdb'),(68,1,'6ccb5367bd70b96093000eb886b7'),(69,1,'36214d67818936d77aedb3270a44'),(70,1,'7bfed55177d48ea7044053552b9e'),(71,1,'7c27f9c5545185478f43bfcb0cac'),(72,1,'819938c211ff9b84053973a84f6d'),(73,1,'81f96af9bc47a97658c8bf153e1e'),(74,1,'00ab4e70966f52fa940812c2bc36'),(75,1,'0113317208ae0bd5fa4313e1df67'),(76,1,'014d4f1a8b653425aef5b5af8ed1'),(77,1,'0446f20affe6e78a9e20c6688cd3'),(78,1,'2366d2d962bdc0d95a39a4bdd145'),(79,1,'23bed15fdc4d0b9e9c839cf41aa0'),(80,1,'23f20046aaaebc9ede2dc6ef8878'),(81,1,'25ee1cfe781f1bcdb5ba616f20e9'),(82,1,'6cc8827f5b199fa5fc782cc2a444'),(83,1,'c5af9b5ecd7a85f98b435e511c6f'),(84,1,'D0DA08EABC6385C7CF815C3E324818D1'),(85,1,'86DDB8272552B58F5B17F52487F52485'),(86,1,'DBD18AC1A813275DD21EB22F723F8CB5'),(87,1,'603E3FE244B62C8910E650CDAFBBBB40'),(88,1,'E014ADFE350C381E2E35DB1A9B206005'),(89,1,'B20753F76B145D13CED563F47A351950'),(90,1,'4635904BCF84A5E18BD9F9D807DFCBD1'),(92,1,'2FE89DA4F8990A404085B6987D39D92C'),(94,1,'8F5B95D6569DFE8EF8475AB62EA9CFA5'),(96,1,'508F64EAD48BF6A00942DD2BA4AFBE75'),(97,1,'4C10F6907119A4C3F1F180BE4BCF8E7D'),(99,1,'78D26CB0500C49185DA3EE0B46AD178F'),(100,1,'15AC9E245F5C0D27E4DB2FB96EEC3EBC'),(101,1,'3A9433B787CC397E318FCFAA215FC781'),(102,1,'5895606F18AE660683E839BE3040F58B'),(103,1,'07D1F059F6059EE1C04A766E226145AC'),(104,1,'21924062F19FE74F1EAD359E95ED2C07'),(105,1,'41CFA3C42540A503466F86ACA17E172E'),(106,1,'C9EE1E8963A05660AD5FA11DCBFB82A4'),(107,1,'D29640DE73D7536314603B9F263C8AF5'),(108,1,'B18316A68B840A4A83F77B3B756E6006'),(110,1,'7AE0497A4E9C9E9D01CBC839D01F57D0'),(111,1,'6453D9A5ACC941FD92BAA1F5110E9355'),(113,1,'890C0375A3618C38AC7292A957E50E0F'),(114,73,'C61FB3302051FD4B2D3CDB48347CC726'),(115,73,'C61FB3302051FD4B2D3CDB48347CC726'),(116,73,'C61FB3302051FD4B2D3CDB48347CC726'),(117,1,'87DEF30575720587796A6C95CC2EEC2D'),(118,1,'5983A174B3E3D01B568978A2CFE11522'),(120,1,'5F3F3760D1740CA80FDA3CFD60796068'),(121,73,'E53D2441DFFF9B76FEA57423F06B7029'),(122,19,'5D1B19E6243C66C9AE4525ABE3BC99D4'),(123,1,'7D3378A0D7AC87144E98FA3CAC636878'),(124,19,'5D1B19E6243C66C9AE4525ABE3BC99D4'),(125,1,'E2698E966C84EADC172C5C57C6FDAFDB'),(126,1,'FFB99F9393D51563D6E27E5023D74A7C'),(127,1,'C55290C2DCC063BCA051A610293E6363'),(128,1,'6C5618026C8AC8D0ABCAAC0524A6529C'),(129,1,'B758ADA4FCB6D885F66429A57F2E9192'),(130,1,'6F96F57A378659907AA0509E2329413E'),(131,1,'7EE8AA60E24752F36042631724C6F7D7'),(132,1,'E71248AD06338461FF8CD1071CFC4AF3'),(133,1,'4D09402613CC181DAC53F45855B92E4B'),(134,1,'A0259C5728F497D45C41C19CF212B3D2'),(136,19,'9E7A0E30421FACF1DCF2AC9952FDD956'),(137,1,'367B7B719D0514CF4689D921334F1032'),(138,1,'0FD21F4E6A62065A72AD9E263134D69B'),(139,1,'5B42DF325E4B5F1D798087671281F58A'),(140,15,'A1914A8B9537F0D33B738FF2CFBEA3D9'),(141,1,'810B73848D9CC474822B1A581A6830AB'),(142,1,'6C4A1512E9737AB08FCE098EE15046F3'),(143,1,'5526199A133F5138DB667E832F4EA7FC'),(144,1,'AC297636553293F713156307313D6A3A'),(145,1,'C39C7B72F6F0E5F9E2BF6001FB50DA2C'),(146,32,'9249C63CC05203DFEBCC81C910BC5E6F'),(147,32,'8E70666AC5C796638978F42A8A09120F'),(148,1,'F860741E27D9DDCC360CA7493943AAF7'),(149,21,'42578F897BD5D41996A19D4BF3103BF8'),(150,1,'1FCB110EE459E89EE2FAEABFCDFB7D32'),(151,1,'8811077EA749EE61A55023C65616EF8C'),(152,1,'BE4C71BEE0FB163A0940A84F11220935'),(153,15,'0AAC69D3B6E42F7B0B4E08EA3205DC4E'),(154,1,'375BE46EC8F74ADCE61975C1CC140878'),(155,15,'0B8A70E4B4892FD987704943F8F6F944'),(156,1,'5E5E91B2B0D8EB3F7AC64534EA906BFC'),(157,1,'B21234E64D4F2306A727DAA636C4F075'),(158,1,'7379D6355747F97B40B8F2A94281E5B9'),(159,1,'DAB18D6430BE2402628696B3F1F970EC'),(160,1,'CE2C041FC663CADFBF6065FE4D6F409F'),(161,15,'B1756E3FEA1B01159E73ECC0916A9303'),(162,1,'474FE85DE09A2AF42348914EEE43EFD3'),(163,1,'0C637ED6E00E51BB7780D7A379250BDE'),(164,1,'5FD6CAC4408253B7E64E8AE7B732B717'),(165,1,'82712AB88B79C68BC82EE7E67F71CDF1'),(166,1,'BA7649D5DC53E2FD09C5D5E5D2FCA0BA'),(167,1,'67B445469BB138D05F88132287B44108'),(168,1,'E8F241157BB5F80AC5B0A1F355724C5C'),(170,1,'DAD1E103D79C19352291550BFA0C7D37'),(171,1,'9308DC8F35D459B29CE8E4A66AAB0158'),(172,1,'D46411636062F8FE22EA1335CBA17C33'),(173,1,'57EE8B3E2B349DC347F26A1514BCA63E'),(174,75,'B26F1AE2FA2A867248867124FF706784'),(175,75,'F0E058F154E1EE874EF356135B39EB60'),(176,75,'6D3586EF33F9319871F970825138511F'),(177,75,'544BA9AE6BA8013F5D71D952963B8A6E'),(179,1,'F004989A45D679DF76C538455CD17E36'),(180,1,'DF537D48ED3F4EECC0ED36EC38F84A61'),(181,1,'F157E9242C0BE193E9DD58753861C8EB'),(182,1,'13FD532155B04C398023FE29CF9F5005'),(183,1,'72A94788B932CBB664424BD7C136AF6C'),(184,1,'22063601B5ABDC17AA25F1F63DEC8812'),(185,1,'DB0BE4F8E29259B938D8407A8B9FDC70'),(186,1,'481E7F6CA1D5647CDB2DA6032133F2C6'),(187,84,'F307C6F10BEBFD60E34FF5FB803771A3'),(188,1,'746376C96E83C32DB7748115CBD898E1'),(189,1,'70DEA94078F0D20055FE74FD3118C42F'),(190,1,'F0C35DD13D0CD37F7336960106D0C584'),(191,1,'8032E8C82639F7077BC58568D36778F6'),(192,1,'AEF246ED970EBFAF805E5F1CE37B1109'),(193,1,'AF9CDC6DDF3467270DAEBC37A91D79D0'),(195,1,'A05279E5840DF39F41FCEA44B30E021C'),(196,1,'A6E0DE9DCD5793E700EC5ABD3BB0158E'),(197,1,'FC346C13F2C9BF8037EE629B614427B9'),(198,1,'26120403C444A69DC22C7D20856D0574'),(199,1,'4A7D78D3DC48A13CC64802BF79502F53'),(200,1,'6E4A7E40F5B8D6DF7A6128DB67B3688B'),(201,1,'5E8E8368B3384D416510418190F5BD71'),(202,1,'E3C0092D7876C5F9275B5C8ACF0E0357'),(203,1,'67A4FD0D22BF384167D5DAC1F8526A74'),(204,1,'340BC8ED9C98F1134A9BF46D9B454C21'),(205,1,'8BA1CBA42C10848D892C3307D6CEC5E2'),(206,1,'D533BC6206DB0CA6201B155373A6CC09'),(207,1,'928FB86BBFBB3EAC99E615C3A8D1CFE5'),(208,1,'D5F79D22AECB3CAD5C6CC110ED872BBA'),(209,1,'E9AF1D8ED4B141276DAE62CEC21D0B62'),(210,1,'FB61234C67637381674EC7034657EFE6'),(211,1,'3ADA06DA08920EA7026D1F70B3B078FE'),(212,1,'D19322A4BFB480571E608D1351359768'),(214,32,'A5E137E1DEED11D06EF27105CA1ACAB3'),(215,1,'EED0D27613C8C178196D87FCC2606E9B'),(216,1,'75A0AFF4479ABCFAF969285E0801F7F9'),(217,1,'A881B0A6EBCCCFFA85AA8F1A70E95392'),(218,1,'3BD4C31E9BF8150A16E4BE269BA4455F'),(219,1,'AB8CC1BE90F39B312F83F006C095A5F4'),(220,1,'AA99E4F69A7C46AF8C17917CE432FFF6'),(221,1,'82DDB3E69F867927CBFEECAB4CE5B081'),(222,1,'382B1E76CF0371FA221C74E2A41C2129'),(223,1,'27405DF185B63BF8BD62A76E3B4649B5'),(224,1,'58F27D02ECB2AFF966B2864FA37066AF'),(225,1,'28757D41EFE27A800B37CF71C9BC5035'),(226,1,'97BBA5075382C78D5AEF276DF52A84B5'),(227,1,'10A3695CE7C77289B9B9D4CE3CDAE7BA'),(228,1,'3D11BF7DDE61E12DF976E16F38442F58'),(229,1,'C83A1D245AC25FF02C6F4F517A44AD82'),(230,1,'0FA604A9F268502BD9320814DB3E6BE1'),(231,1,'97BA98963DFE0D8DCFE3D2F931FA8351'),(232,1,'06406D9B56796881B45AABA5445F3B5C'),(233,1,'02D824F01CB3FC09B890E667644A3114'),(234,1,'493B7EBDE73DB767B17BDB0C748EA1C6'),(235,1,'C0AEEB4AAD4BE4089CDCC2532B50B62F'),(236,1,'1F1A73BBDA328B6218206DF49072C3A0'),(237,1,'B09AB4BBA84C8DFD060DF87CA749AAC7'),(238,1,'DB8AA911ABA5ECEBC0670546E46E720B'),(239,1,'CD1CE46C57ECF9D37698EF1ED1B5D4E3'),(240,1,'B46A1BBA5324DAFA8B2FC3AFC1602808'),(241,1,'A04875FA3FD16C6391C64F812174D4ED'),(242,1,'F299B391295D47486277E7CC88AE0C0D'),(243,1,'ADA8CD0528F58B3F5E41985B5840B921'),(244,1,'DED6DC562D137F6BAED4D7AED97A55CA'),(245,1,'A942635002FF43B7CCFFD768570661E0'),(246,1,'5BC2E5A93B1C26EDB03BC673E6E4BAFB'),(247,1,'BAA19C0737A5D1D152B60C0BC37D523A'),(248,1,'C640982110C5B34676EFEAA1674F9428'),(249,1,'3050A05E8F8F687F17BCDA81ED2B93E5'),(250,1,'76234A8E82DFA5F672A7A741C5D55986'),(251,1,'B68A0919A48BA0CF7822D65D468AEAC2'),(252,1,'47AFD4CCCF03BDE1A23F5E48A7FDCFA6'),(253,1,'4C56A4EEF2027A408BF1EA809275B3DC'),(254,1,'2FCA7E8CD1F8101761EE6293D5D12DB1'),(255,1,'5CA915D6C08B5D3773E70C10E8A2FE12'),(256,1,'402C6672CBA980D6B9B5E08C6972F301'),(257,1,'0CBCEA2A5AA1FF1B96BB96DD9EB5FE85'),(258,1,'F3295B35581C14866AD44531C16CC630'),(259,1,'64DC0C22FF91296274AD2B3754A07FD5'),(260,1,'8332C4AE12ADDAD711D6A4099AFA73ED'),(261,1,'3C06D34A78B71034035B78ADE43640A5'),(262,1,'FE09D1C6E39155EC99777E7AC390AFB3'),(263,1,'FE1606E9AED1CFAAFE9853FB3A1E7D3C'),(264,1,'A530BBF1878D679F1E038011E085179C'),(265,1,'95B90FF84F0C36F230C632FA0A165DF2'),(266,1,'9707AB9167BD4A564CEB1E235A8587FC'),(267,1,'A2961CE631989ED0E7B5EAC451F0E989'),(268,1,'3A9FD1A227DB836548AADF22368EE687'),(269,1,'07268BB9AC5F4EB06B508EA29BFFC1CD'),(270,1,'7330344F5412E80E45EAFC6D0B85C404'),(271,1,'942CF404C53BD028ACB109D44BD73D3A'),(272,1,'446A53D0F0DA726B62A71028079BCC7E'),(273,1,'A89B60E15958AAE4AD0AE0D192C6CBE6'),(274,1,'7B230255F920A5FF152C4A49943BDB82'),(275,1,'F9B502165CC17B28743FC8A968F330E5'),(276,1,'407A16515298076636F49E60FA754FF5'),(277,1,'F4394B47CEE1D07527CB73EB99584EBF'),(278,1,'769CA1A0370C49661FAEE58EB27C755C'),(279,1,'66E659B4ED8D3A3AA859D77362014E6D'),(280,1,'B76B3F71760F9F2BD888DB43BF675A97'),(281,1,'47CAE4ABED8F22B11E5C36F78A52987A'),(282,1,'4330B7A69F8E62EA6230BD7024C5792B'),(283,1,'571BDC379CEA3FD872198AC0CE9665A5'),(284,1,'296FF28262EBE5CCF792D3A061E82CD3'),(285,1,'DFA5E3A0C2460571ABDE5E15FA77C942'),(286,1,'80E5090E6008169DED9C96CAC22AD7A7'),(287,1,'C37DBC11AAEFB6E98E312E509FFACF6B'),(288,1,'28F67EEB66299839FD37DC7279AC5D39'),(289,1,'AE8034576BE25ED4000FB266547324C9'),(290,1,'1DAD8BE50B49BD5B77BCE4640AFF76B1'),(291,1,'81071DB5C44F795B3CF3FE6E75722A84'),(292,1,'0CFF39CD8958F7A7E10EFBF865A76307'),(293,1,'4C1A0AF4A3794F8CFE55985CCDAEA651'),(294,1,'9D954F5EAD50CDD4517251D3FF9A9075'),(295,1,'21BCE69C650602AE37E3E030A433E5D3'),(296,1,'50D8145488EDDA066B548C61E4C4296C'),(297,1,'1C66CC3BD49D18EF77F50A33DA5A833B'),(298,1,'AAD5BBA2EA0272ED895E64E05931C799'),(299,1,'DC1D43298B29F1B71748F943F5446866'),(300,1,'D06994C420E7F82B985AB7F35F23ADCB'),(301,1,'C4A5BB74F7B99F4399B73A2891D9503B'),(302,1,'6CFF86341BF552535BB73D15257DA082'),(303,1,'A67BAFD5048C6DB66F00AF8FE145AC7E'),(304,1,'A296E40AB08D91DA93E2A2A52680AE59'),(305,1,'6E6D011376E2D81540626AFA2DFB17BA'),(306,1,'A1A0739F64ED809860C57D60567727F8'),(307,1,'AE3090655A0C5FE2C28AFD6EEF01D086'),(308,1,'9C47B176B9730B8FD658F61FE62647B3'),(309,1,'0969B6B817D2FF53D93668A30568149D'),(310,1,'816FE1AFE5676F301618AA5D3C8BC853'),(311,1,'58554B00BB2601349E5A49B51716841D'),(312,1,'CFA44880D800305B3F22FF6F60EDCBDE'),(313,1,'470FC13526BFBCFD94070FD228C97FCD'),(314,1,'9A7EB13066AF33554659CEA14CE29A2A'),(315,1,'92BA4B0B9CEEA039C37B2B918C528045'),(316,1,'10BB205458C6ADC025257BA96F60919B'),(317,1,'3948EB8653EF0459BCAC4252CA2844B4'),(318,1,'2E7216DF2497EA23038F477655E07479'),(319,1,'FAD1E4B5BA11A766697DFE977A9CCA34'),(320,1,'03C377C9C0F289A6D6ACA984BB118DD0'),(321,1,'0C92D958AF0CD303F8F74EFAD25F917E'),(322,1,'739DDEA6E05733D5ABC3829F47749C76'),(323,1,'07FB26541CFC2D3808677987E7062757'),(324,1,'2030B35F971D6A72F9F2544813709EAA'),(325,1,'7581FBFDA225E1912D91003639E523A6'),(326,1,'FF26E7A8DDA5EAEDD33030806200FC7F'),(327,1,'40F88337EAA52FA1EB7A64C26BC00AE5'),(328,1,'6053A868BD0BC390479F357560F8EFDD'),(329,1,'71037FA5ADDD47FAD678EAF4582628C6'),(331,1,'D5D80B6F273154958F616783E3FFC555'),(332,1,'70DC26926CF6CD1D7D417EDDDF425A3C'),(333,1,'8F80E1ECACFC44259E26EF49D228447C'),(334,1,'44703B6C058B1F8B9D27C71206C20F38'),(335,1,'639219142CAFB76E3E5AD412501F0186'),(336,1,'4C8BC2AD30EE2CF728CA353022F59CE5'),(337,1,'BD02B883E74D10E55AEEACB40203615E'),(338,1,'C47C5AB79A0FC399C30C61A0A8F661E8'),(339,1,'271CE4A301D7D4812276DA76D9E78E89'),(340,1,'796049568696C479FD983D5A4DFF4530'),(341,1,'69F83FB48AC3E6F2802E70A6A76880FC'),(342,1,'CE9135DA4F72B06E7D6CD2444773294B'),(343,1,'7B07A491EAAD76D8599701775C569114'),(344,1,'403308A62453CF73AC4396DA97919417'),(345,1,'1E105D6F9FBC149C7931AED35C7ECD6E'),(346,1,'AAD2665597F4CC57C793C67E22B27125'),(347,1,'49A6AAF8DA64EC54D917F01797D9E905'),(348,1,'D3BE7F58AC4979484F8312872ECEF387'),(349,1,'C8E1BCBBBAC352C6A959D3A4D14D4FA8');
/*!40000 ALTER TABLE `userlog` ENABLE KEYS */;
UNLOCK TABLES;

--
-- Final view structure for view `gamelist`
--

/*!50001 DROP VIEW IF EXISTS `gamelist`*/;
/*!50001 SET @saved_cs_client          = @@character_set_client */;
/*!50001 SET @saved_cs_results         = @@character_set_results */;
/*!50001 SET @saved_col_connection     = @@collation_connection */;
/*!50001 SET character_set_client      = utf8 */;
/*!50001 SET character_set_results     = utf8 */;
/*!50001 SET collation_connection      = utf8_general_ci */;
/*!50001 CREATE ALGORITHM=UNDEFINED */
/*!50013 DEFINER=`steviln`@`localhost` SQL SECURITY DEFINER */
/*!50001 VIEW `gamelist` AS select count(`ses`.`id`) AS `spillinger`,`gam`.`id` AS `id`,`gam`.`navn` AS `navn` from (`game` `gam` join `gamesession` `ses`) where (`gam`.`id` = `ses`.`spillID`) group by `gam`.`id` having (`spillinger` > 0) order by `spillinger` desc */;
/*!50001 SET character_set_client      = @saved_cs_client */;
/*!50001 SET character_set_results     = @saved_cs_results */;
/*!50001 SET collation_connection      = @saved_col_connection */;

--
-- Final view structure for view `playerranking`
--

/*!50001 DROP VIEW IF EXISTS `playerranking`*/;
/*!50001 SET @saved_cs_client          = @@character_set_client */;
/*!50001 SET @saved_cs_results         = @@character_set_results */;
/*!50001 SET @saved_col_connection     = @@collation_connection */;
/*!50001 SET character_set_client      = utf8 */;
/*!50001 SET character_set_results     = utf8 */;
/*!50001 SET collation_connection      = utf8_general_ci */;
/*!50001 CREATE ALGORITHM=UNDEFINED */
/*!50013 DEFINER=`steviln`@`localhost` SQL SECURITY DEFINER */
/*!50001 VIEW `playerranking` AS select `play`.`id` AS `id`,concat(`play`.`fornavn`,' ',`play`.`etternavn`) AS `navn`,`ranke`.`rank` AS `rangering`,`ranke`.`antall` AS `antall` from (`drammenb_boardgamegroup`.`player` `play` join (select avg((100 - (((`par`.`posisjon` - 1) / `ses`.`competitors`) * 100))) AS `rank`,`par`.`spillerID` AS `spillerID`,count(`par`.`id`) AS `antall` from (`drammenb_boardgamegroup`.`participation` `par` join `drammenb_boardgamegroup`.`gamesession` `ses`) where (`par`.`sesjonID` = `ses`.`id`) group by `par`.`spillerID`) `ranke` on((`ranke`.`spillerID` = `play`.`id`))) having (`ranke`.`antall` >= 3) order by `rangering` desc */;
/*!50001 SET character_set_client      = @saved_cs_client */;
/*!50001 SET character_set_results     = @saved_cs_results */;
/*!50001 SET collation_connection      = @saved_col_connection */;
/*!40103 SET TIME_ZONE=@OLD_TIME_ZONE */;

/*!40101 SET SQL_MODE=@OLD_SQL_MODE */;
/*!40014 SET FOREIGN_KEY_CHECKS=@OLD_FOREIGN_KEY_CHECKS */;
/*!40014 SET UNIQUE_CHECKS=@OLD_UNIQUE_CHECKS */;
/*!40101 SET CHARACTER_SET_CLIENT=@OLD_CHARACTER_SET_CLIENT */;
/*!40101 SET CHARACTER_SET_RESULTS=@OLD_CHARACTER_SET_RESULTS */;
/*!40101 SET COLLATION_CONNECTION=@OLD_COLLATION_CONNECTION */;
/*!40111 SET SQL_NOTES=@OLD_SQL_NOTES */;

-- Dump completed on 2021-05-31 17:31:29
